label,latitude,longitude,x,y,z,q1,q2,q3,q4,right_is_open,left_is_open,line_is_stop,signal_is_stop,isnot_skipnum,node,utm_x,utm_y,,,,,,,,,,,,,,,,
1000,36.0820385,140.079454,0.860317888795313,0.410611629168957,-0.011282987099608,0,0,0.507459593427069,0.861425529106065,2,2,0,0,1,-1,276.937641699782,-107.49010031006,,,,,,,,,,,,,,,,
1001,36.0820335,140.0794911,1.2200607566453,3.80498653290215,0.047765314342295,0,0,0.707422188704967,0.706413533338302,2,2,0,1,1,1,280.275323700615,-108.046697763412,0,0,1,0,0,0,0,0,0,0,0,0,0,0,0,0
1002,36.082034,140.0794987,1.21865529770338,4.46201491245307,0.060039009223004,0,0,0.694149926241178,0.719318630951306,2,2,0,0,1,-1,280.959053706756,-107.991038018156,,,,,,,,,,,,,,,,
1003,36.0820309,140.0795422,1.1095200562084,8.55377859203417,0.255568675081678,0,0,0.714719029862484,0.698533413331013,2,2,0,0,1,-1,284.872508345685,-108.336128439693,,,,,,,,,,,,,,,,
1004,36.0820297,140.0795883,0.717952011381667,12.6020886875521,0.372135071750943,0,0,0.713042714498724,0.700665828071076,2,2,0,0,1,-1,289.019870617082,-108.469711828624,,,,,,,,,,,,,,,,
1005,36.0820274,140.0796342,0.46578710812742,16.6760200422687,0.449218001156254,0,0,0.706370206792279,0.707475464411313,2,2,0,0,1,-1,293.149239994658,-108.725746657277,,,,,,,,,,,,,,,,
1006,36.0820117,140.0796724,1.75128094879311,20.5146940784614,0.593138604161414,0,0,0.50040703796049,0.865210002260458,2,2,0,0,1,-1,296.585882919182,-110.473462663381,,,,,,,,,,,,,,,,
1007,36.0819938,140.0797087,3.19609638170408,24.2453519542456,0.679307995285094,0,0,0.679773036861018,0.732905450754742,2,2,0,0,1,-1,299.851593342171,-112.466081548137,,,,,,,,,,,,,,,,
1008,36.0819896,140.0797538,3.19359633829396,28.3128924748459,0.803785242742215,0,0,0.63796090120758,0.769617224172711,2,2,0,0,1,-1,303.908991139346,-112.933623409396,,,,,,,,,,,,,,,,
1009,36.0819803,140.0797965,3.71707284129846,32.2851588933732,0.923147501891032,0,0,0.667633276324558,0.74371435579645,2,2,0,0,1,-1,307.750474197874,-113.968894674007,,,,,,,,,,,,,,,,
1010,36.0819734,140.0798401,3.97934223958925,36.2787765752141,1.01592621386419,0,0,0.681690010452304,0.731101426938781,2,2,0,0,1,-1,311.672925283714,-114.736999160756,,,,,,,,,,,,,,,,
1011,36.0819692,140.079886,3.82558274810698,40.4034672448794,1.14546268448793,0,0,0.677450233080251,0.734902674849477,2,2,0,0,1,-1,315.802294661289,-115.204541022015,,,,,,,,,,,,,,,,
1012,36.081962,140.0799284,4.07723378267206,44.4049930878313,1.2452455204871,0,0,0.688900890564672,0.724176906891581,2,2,0,0,1,-1,319.616788379084,-116.006041355601,,,,,,,,,,,,,,,,
1013,36.0819554,140.0799753,4.1706841857834,48.4250117536111,1.38779295608773,0,0,0.690285357556573,0.722768216641548,2,2,0,0,1,-1,323.836122230883,-116.740749994722,,,,,,,,,,,,,,,,
1014,36.08195,140.0800213,4.20867560057266,52.4642734228034,1.54183275462571,0,0,0.714946383904966,0.698037713984034,2,2,0,0,1,-1,327.97448805537,-117.341875244912,,,,,,,,,,,,,,,,
1015,36.0819471,140.0800679,3.88856114676976,56.4944746865732,1.71733925118118,0,0,0.714266720000804,0.698567993844051,2,2,0,0,1,-1,332.166832563879,-117.66470176803,,,,,,,,,,,,,,,,
1016,36.0819435,140.0801155,3.68493465163667,60.5616450658598,1.8615199315514,0,0,0.701459157953762,0.711964594069632,2,2,0,0,1,-1,336.449141549168,-118.065451934823,,,,,,,,,,,,,,,,
1017,36.0819337,140.0801581,4.33222570138655,64.6065160721118,1.98403941336218,0,0,0.635933734797755,0.770943520598011,2,2,0,0,1,-1,340.281628160784,-119.15638294469,,,,,,,,,,,,,,,,
1018,36.0819243,140.080201,4.88122406494609,68.6526637042552,2.11672223859165,0,0,0.640541816212448,0.766964676653604,2,2,0,0,1,-1,344.141104113134,-120.202786158511,,,,,,,,,,,,,,,,
1019,36.0819078,140.0802405,6.28535748754154,72.4475991263491,2.1930643502967,0,0,0.452108471026418,0.891309347752871,2,2,0,0,1,-1,347.694700855171,-122.039557756708,,,,,,,,,,,,,,,,
1020,36.0818775,140.080267,9.29861238960634,75.1571512372265,2.17602053582971,0,0,0.215043922155975,0.976099531316044,2,2,0,0,1,-1,350.078759427195,-125.412538327613,,,,,,,,,,,,,,,,
1021,36.0818435,140.0802846,12.7423902549039,77.2247360735422,2.11263209487476,0,0,0.251209813813649,0.96771529032983,2,2,0,0,1,-1,351.662134178122,-129.19740101452,,,,,,,,,,,,,,,,
1022,36.0818081,140.0802968,16.4868534561972,78.8576151133069,2.10439416929045,0,0,0.177318234888822,0.983920889175884,2,2,0,0,1,-1,352.759700765178,-133.138110988777,,,,,,,,,,,,,,,,
1023,36.0817742,140.0803154,19.9980271409978,80.9777781787568,2.08828494542399,0,0,0.246325596464678,0.968872590852312,2,2,0,0,1,-1,354.433039990328,-136.911841726475,,,,,,,,,,,,,,,,
1024,36.0817421,140.0803295,23.5785942857813,82.8909677973634,2.09875945749405,0,0,0.281534704631973,0.958951869400459,2,2,0,0,1,-1,355.701539081475,-140.485197380776,,,,,,,,,,,,,,,,
1025,36.0817052,140.0803398,27.4699344110422,84.1474554093532,2.03448509766551,0,0,0.081025804292936,0.996650620825906,2,2,0,0,1,-1,356.628173166995,-144.592886590801,,,,,,,,,,,,,,,,
1026,36.0816686,140.0803472,31.348617377906,85.2736557131803,1.95608543890565,0,0,0.027887307587625,0.999502386359546,2,2,0,0,1,-1,357.293910279314,-148.667179953989,,,,,,,,,,,,,,,,
1027,36.0816304,140.0803528,35.2981837168698,86.2442257897687,1.85429965335992,0,0,0.009405286588403,0.999867563351268,2,2,0,0,1,-1,357.797711334451,-152.919584502155,,,,,,,,,,,,,,,,
1028,36.0815959,140.0803485,39.4390422643493,86.4587221018927,1.78719410424507,0,0,-0.058372368650448,0.998237479625737,2,2,0,0,1,-1,357.410864094269,-156.760106935109,,,,,,,,,,,,,,,,
1029,36.0815603,140.0803465,43.4411232195008,86.906308160651,1.75047010789481,0,0,0.078894926759891,0.996707046484829,2,2,0,0,1,-1,357.230935145823,-160.723080806994,,,,,,,,,,,,,,,,
1030,36.0815231,140.0803444,47.4342906723678,87.2842699671849,1.70022612308128,0,0,0.011186980361353,0.99974733660948,2,2,0,0,1,-1,357.042009750466,-164.864165864648,,,,,,,,,,,,,,,,
1031,36.0814886,140.0803427,51.4245211997718,87.5668687359363,1.66392145681916,0,0,-0.034913371683437,0.999210874657561,2,2,0,0,1,-1,356.889070142753,-168.704688296811,,,,,,,,,,,,,,,,
1032,36.0814525,140.0803388,55.5312315136955,87.7003708693161,1.60953454200495,0,0,-0.02154721575865,0.999595348064172,2,2,0,0,1,-1,356.538208692772,-172.723321914743,,,,,,,,,,,,,,,,
1033,36.0814124,140.0803354,59.7007246054811,87.9281813313356,1.57592280877275,0,0,0.029053958173697,0.999469542332219,2,2,0,0,1,-1,356.232329479902,-177.187233495515,,,,,,,,,,,,,,,,
1034,36.0813758,140.0803333,63.7373277315666,88.084159344852,1.54478673934955,0,0,-0.053497817276159,0.998476330242988,2,2,0,0,1,-1,356.043404084545,-181.261526858703,,,,,,,,,,,,,,,,
1035,36.0813412,140.0803293,67.7436333954435,88.3394318754051,1.53604513688596,0,0,0.000464046958954,0.999841308639743,2,2,0,0,1,-1,355.683546185096,-185.113181240075,,,,,,,,,,,,,,,,
1036,36.081304,140.0803262,71.7954556996678,88.5659099990187,1.51212306567229,0,0,0.063963620558028,0.997777115813294,2,2,0,0,1,-1,355.404656315516,-189.254266297729,,,,,,,,,,,,,,,,
1037,36.0812661,140.0803274,75.8255146795229,89.2277376864635,1.5195389394527,0,0,0.057253350462799,0.998108572696793,2,2,0,0,1,-1,355.512613683561,-193.473274998266,,,,,,,,,,,,,,,,
1038,36.0812288,140.0803301,79.8358413214933,89.7390067149807,1.52299892835555,0,0,0.066735571632402,0.997618754296503,2,2,0,0,1,-1,355.755517765498,-197.625492005129,,,,,,,,,,,,,,,,
1039,36.0811926,140.0803437,83.5172703246478,91.4877992406378,1.59081909614852,0,0,0.216774280794997,0.975842058308187,2,2,0,0,1,-1,356.979034616976,-201.65525757148,,,,,,,,,,,,,,,,
1040,36.0811603,140.0803646,86.9701585763915,93.8338951634607,1.67758353217932,0,0,0.308769399450455,0.950496157354616,2,2,0,0,1,-1,358.859292133863,-205.2508771242,,,,,,,,,,,,,,,,
1041,36.0811331,140.0803901,89.8768614766783,96.5955180362021,1.78334110042296,0,0,0.318763583211532,0.947369500740521,2,2,0,0,1,-1,361.153386231663,-208.278767274358,,,,,,,,,,,,,,,,
1042,36.0811053,140.0804186,92.4953713329983,99.7117892047745,1.88705290162266,0,0,0.488381976764495,0.872223596846847,2,2,0,0,1,-1,363.71737375469,-211.373449118191,,,,,,,,,,,,,,,,
1043,36.0810821,140.0804519,94.7831890843998,102.997576561761,2.00194024248043,0,0,0.498322011769914,0.866478830584949,2,2,0,0,1,-1,366.713190752453,-213.956061304719,,,,,,,,,,,,,,,,
1044,36.0810601,140.0804842,96.9444120819394,106.406212297738,2.09578421463773,0,0,0.359420430669419,0.932864516710424,2,2,0,0,1,-1,369.61904327855,-216.405090102316,,,,,,,,,,,,,,,,
1045,36.0810377,140.0805214,99.0015664946754,109.963725578589,2.21884648434311,0,0,0.463928393448418,0.885236729680811,2,2,0,0,1,-1,372.965721726295,-218.898646695959,,,,,,,,,,,,,,,,
1046,36.0810125,140.0805517,101.513726883644,113.09513012282,2.33685850399409,0,0,0.453709358937999,0.890612331254102,2,2,0,0,1,-1,375.691645303946,-221.703897863511,,,,,,,,,,,,,,,,
1047,36.0809894,140.0805834,103.85818080572,116.371042145231,2.49087346458745,0,0,0.454038863143287,0.890561120801807,2,2,0,0,1,-1,378.543519143463,-224.275378100829,,,,,,,,,,,,,,,,
1048,36.0809633,140.0806167,106.39997762236,119.531657136083,2.62402223052747,0,0,0.397363396790017,0.917194141906785,2,2,0,0,1,-1,381.539336143783,-227.180816810475,,,,,,,,,,,,,,,,
1049,36.0809375,140.0806462,108.974145931937,122.625772528082,2.73416789820412,0,0,0.332654446675264,0.942648300793202,2,2,0,0,1,-1,384.193288138476,-230.052859673284,,,,,,,,,,,,,,,,
1050,36.0809078,140.0806718,112.009085586364,125.358058439637,2.83290855295194,0,0,0.278820192260204,0.960019327784953,2,2,0,0,1,-1,386.496378685745,-233.359048549723,,,,,,,,,,,,,,,,
1051,36.0808739,140.0806918,115.421707892074,127.473089770811,2.90757516539159,0,0,0.161693277843952,0.986547510666536,2,2,0,0,1,-1,388.295668172762,-237.13277928742,,,,,,,,,,,,,,,,
1052,36.0808352,140.0807042,119.402219892573,128.729974539386,2.95290932499439,0,0,0.145511433129463,0.989043575714107,2,2,0,0,1,-1,389.411227656196,-241.440843581633,,,,,,,,,,,,,,,,
1053,36.0807987,140.0807163,123.207761038477,129.992956415983,2.9804553601145,0,0,0.11699039199544,0.992692147844713,2,2,0,0,1,-1,390.499797798897,-245.504004995612,,,,,,,,,,,,,,,,
1054,36.0807616,140.0807109,127.262160478721,129.779675917434,2.99967382850982,0,0,-0.33440457853158,0.942323480366393,2,2,0,0,1,-1,390.013989635024,-249.633958104056,,,,,,,,,,,,,,,,
1055,36.0807418,140.0806697,129.729969095334,126.430084534018,2.88694559300971,0,0,-0.635924407673994,0.77174704142022,2,2,0,0,1,-1,386.307453287831,-251.838084021418,,,,,,,,,,,,,,,,
1056,36.0807355,140.0806253,130.919157940994,122.577151813962,2.77208055262856,0,0,-0.609373414603804,0.792858844702548,2,2,0,0,1,-1,382.31303062159,-252.539396813702,,,,,,,,,,,,,,,,
1057,36.0807205,140.0805842,132.814602017159,119.006364688775,2.68870293334947,0,0,-0.539479863192178,0.841945701745517,2,2,0,0,1,-1,378.615490723865,-254.20918917534,,,,,,,,,,,,,,,,
1058,36.0807067,140.0805434,134.636550991566,115.399368438288,2.59957286030391,0,0,-0.58025379011552,0.81442061196822,2,2,0,0,1,-1,374.944940164315,-255.745398148047,,,,,,,,,,,,,,,,
1059,36.0806934,140.0805002,136.445653908963,111.732038994124,2.51405672377995,0,0,-0.529520125655676,0.848289918325613,2,2,0,0,1,-1,371.058474868676,-257.225947375498,,,,,,,,,,,,,,,,
1060,36.0806828,140.0804577,138.04461893143,108.001062914677,2.41854109910189,0,0,-0.540861664765099,0.841099800467861,2,2,0,0,1,-1,367.23498470397,-258.40593397825,,,,,,,,,,,,,,,,
1061,36.0806712,140.080413,139.608911816721,104.254531346881,2.32439233151527,0,0,-0.603123718981284,0.797642936952287,2,2,0,0,1,-1,363.213572696996,-259.697240071513,,,,,,,,,,,,,,,,
1062,36.0806617,140.0803703,141.240256061108,100.529058997833,2.25616680132988,0,0,-0.547887517044572,0.836507445178255,2,2,0,0,1,-1,359.372089638468,-260.754775233752,,,,,,,,,,,,,,,,
1063,36.080646,140.0803303,143.544709324659,97.1810377532694,2.18443475336864,0,0,-0.470464815716138,0.882342212974499,2,2,0,0,1,-1,355.773510659319,-262.502491239066,,,,,,,,,,,,,,,,
1064,36.0806427,140.0803265,143.953349233052,97.0437251665507,2.18748544290476,0,0,0.080369204791877,0.996561219333482,2,2,0,0,1,-1,355.431645656249,-262.869845559021,,,,,,,,,,,,,,,,
1065,36.0806409,140.080327,143.86664024499,97.2344922243043,2.18981021255475,0,0,0.587714927478022,0.808704682649949,2,2,0,0,1,-1,355.476627893361,-263.070220642418,,,,,,,,,,,,,,,,
1066,36.0806526,140.0803699,142.044533650761,100.837071396927,2.25953641545006,0,0,0.899595765956457,0.436248666502713,2,2,0,0,1,-1,359.336103848267,-261.767782599945,,,,,,,,,,,,,,,,
1067,36.0806693,140.08041,139.998431711476,104.309834604816,2.32206278919777,0,0,0.853861274504874,0.519911484957679,2,2,0,0,1,-1,362.943679274327,-259.908747104119,,,,,,,,,,,,,,,,
1068,36.0806794,140.0804527,138.705225271566,108.112507115782,2.42004526223778,0,0,0.788661435782352,0.614395333877506,2,2,0,0,1,-1,366.785162332854,-258.784420246624,,,,,,,,,,,,,,,,
1069,36.0806921,140.0804957,136.964205558586,111.789405252311,2.51695209610604,0,0,0.840100390171905,0.541976556451127,2,2,0,0,1,-1,370.653634734672,-257.370662713638,,,,,,,,,,,,,,,,
1070,36.0807051,140.080539,135.12512048276,115.351200478835,2.59832821180095,0,0,0.815887176295468,0.577720763685562,2,2,0,0,1,-1,374.549096477222,-255.923509333816,,,,,,,,,,,,,,,,
1071,36.0807167,140.0805833,133.426739348773,119.129810302688,2.70029113998053,0,0,0.828941293821931,0.558710314170296,2,2,0,0,1,-1,378.534522696552,-254.632203240552,,,,,,,,,,,,,,,,
1072,36.0807235,140.0806267,132.072094215812,122.954357174194,2.79529172212256,0,0,0.855026877360419,0.517988992292983,2,2,0,0,1,-1,382.438980886014,-253.875230703012,,,,,,,,,,,,,,,,
1073,36.0807357,140.0806713,130.239533573676,126.60312330217,2.90589776126383,0,0,0.841328388781971,0.539898199404845,2,2,0,0,1,-1,386.451396448633,-252.517132915283,,,,,,,,,,,,,,,,
1074,36.0807535,140.0807103,127.736674113304,129.742929166133,3.00987790726934,0,0,0.981257134723236,0.191050122707262,2,2,0,0,1,-1,389.960010951002,-250.535645978945,,,,,,,,,,,,,,,,
1075,36.0807792,140.0807284,124.697279935332,130.846562623102,3.02779916486164,0,0,0.999425975308764,-0.030882845037518,2,2,0,0,1,-1,391.588367939041,-247.674735066137,,,,,,,,,,,,,,,,
1076,36.0808162,140.080721,120.821484971632,129.611603168004,2.97881712771038,0,0,0.967717906987497,-0.251639337892486,2,2,0,0,1,-1,390.922630826722,-243.555913906111,,,,,,,,,,,,,,,,
1077,36.0808524,140.0807119,117.022877547359,128.292819344334,2.94396614314202,0,0,0.987344007523692,-0.157896170412034,2,2,0,0,1,-1,390.103954109248,-239.526148339761,,,,,,,,,,,,,,,,
1078,36.0808867,140.0806969,113.361498663605,126.567856282553,2.8755852471643,0,0,0.966489887985468,-0.256463818668464,2,2,0,0,1,-1,388.754486993345,-235.707889805225,,,,,,,,,,,,,,,,
1079,36.0809179,140.0806718,110.039277407418,124.252077802599,2.79462705350517,0,0,0.926462702658595,-0.376336241148928,2,2,0,0,1,-1,386.496378685745,-232.234721693018,,,,,,,,,,,,,,,,
1080,36.0809478,140.0806404,107.224763853866,121.32076112537,2.68740885051287,0,0,0.887752618621991,-0.460299873978923,2,2,0,0,1,-1,383.67149418696,-228.90626891816,,,,,,,,,,,,,,,,
1081,36.0809727,140.0806053,104.888291104254,117.911581982279,2.56684394733321,0,0,0.819235649421113,-0.573414492861005,2,2,0,0,1,-1,380.513741134573,-226.134413597445,,,,,,,,,,,,,,,,
1082,36.0809984,140.0805738,102.351336153856,114.66250178619,2.42371323480257,0,0,0.899329901693503,-0.437130232777541,2,2,0,0,1,-1,377.679860188877,-223.273502683846,,,,,,,,,,,,,,,,
1083,36.0810241,140.0805429,99.8325247949166,111.417967481886,2.28511390806897,0,0,0.911798791099134,-0.410566305259029,2,2,0,0,1,-1,374.899957927203,-220.412591770247,,,,,,,,,,,,,,,,
1084,36.0810472,140.0805097,97.6076844808535,107.996231320697,2.13971560718823,0,0,0.89940298411292,-0.437110528361953,2,2,0,0,1,-1,371.913137376351,-217.841111532929,,,,,,,,,,,,,,,,
1085,36.0810708,140.0804767,95.3829561298864,104.600024167243,2.03865144526631,0,0,0.908536580296765,-0.417670421636168,2,2,0,0,1,-1,368.944309719321,-215.213971550354,,,,,,,,,,,,,,,,
1086,36.0810963,140.0804476,92.7223341534716,101.493244806454,1.94336093728311,0,0,0.892809178595735,-0.450340810013071,2,2,0,0,1,-1,366.326343512271,-212.375324535174,,,,,,,,,,,,,,,,
1087,36.0811215,140.0804141,90.4311896129743,98.0998816834773,1.84936435090651,0,0,0.956051489797684,-0.293144951034129,2,2,0,0,1,-1,363.31253361813,-209.570073366831,,,,,,,,,,,,,,,,
1088,36.0811506,140.080387,87.6666338851764,95.1502275375142,1.71694129984378,0,0,0.965035029194702,-0.261503731309663,2,2,0,0,1,-1,360.874496362083,-206.330676184858,,,,,,,,,,,,,,,,
1089,36.0811794,140.0803629,84.6801522085115,92.4826751108538,1.63608196046676,0,0,0.956070307965885,-0.292746027718175,2,2,0,0,1,-1,358.706352526149,-203.124674850512,,,,,,,,,,,,,,,,
1090,36.0812137,140.0803481,81.0824812372748,90.6234798285145,1.56842358848585,0,0,0.978850562358886,-0.204085439341051,2,2,0,0,1,-1,357.374878304069,-199.306416315977,,,,,,,,,,,,,,,,
1091,36.0812401,140.0803421,78.1527735294239,89.6329193845023,1.53842830645785,0,0,0.999710825305598,0.01312598244904,2,2,0,0,1,-1,356.835091458731,-196.367581759494,,,,,,,,,,,,,,,,
1092,36.0812506,140.0803455,77.2412930363157,89.8512896685728,1.53829088627121,0,0,0.99961432850249,-0.022748234583257,2,2,0,0,1,-1,357.1409706716,-195.198727105952,,,,,,,,,,,,,,,,
1093,36.0812669,140.0803419,75.4007801696809,89.3073876769293,1.53158658130111,0,0,0.999752826123953,0.006302929509418,2,2,0,0,1,-1,356.817098564909,-193.384219406173,,,,,,,,,,,,,,,,
1094,36.0812687,140.0803422,75.1865304634217,89.3045155547344,1.52219148215706,0,0,0.999821936198503,-0.004854741221585,2,2,0,0,1,-1,356.844087905642,-193.183844322777,,,,,,,,,,,,,,,,
1095,36.0812774,140.0803424,74.1002014811564,89.1617144293734,1.53048871396079,0,0,0.999685198466964,0.009116193658719,2,2,0,0,1,-1,356.86208080202,-192.215364752631,,,,,,,,,,,,,,,,
1096,36.0812991,140.0803464,71.7339796902028,89.2110928714667,1.54524776096458,0,0,0.999623123289198,-0.003539353454096,2,2,0,0,1,-1,357.221938698912,-189.799731802663,,,,,,,,,,,,,,,,
1097,36.0813225,140.0803469,69.4719271744467,88.9736241929993,1.55295675209903,0,0,0.999709817489377,0.001267448666096,2,2,0,0,1,-1,357.266920936024,-187.194855717716,,,,,,,,,,,,,,,,
1098,36.0813482,140.0803519,66.4142660521641,88.9507891604194,1.55801522851827,0,0,0.999658691870749,-0.003081155334771,2,2,0,0,1,-1,357.716743307139,-184.333944804117,,,,,,,,,,,,,,,,
1099,36.0813601,140.0803525,65.2379597737856,88.840733087771,1.56092499460773,0,0,0.999515633744914,0.007822952186166,2,2,0,0,1,-1,357.770721993718,-183.009242864016,,,,,,,,,,,,,,,,
1100,36.0813735,140.080356,63.6668186875898,88.9727082659305,1.57066383622542,0,0,0.999651764817748,-0.005018396858339,2,2,0,0,1,-1,358.085597653499,-181.517561687355,,,,,,,,,,,,,,,,
1101,36.0813833,140.0803568,62.5037791608907,88.9098614400438,1.58807358329259,0,0,0.999096515723398,0.029079976873807,2,2,0,0,1,-1,358.1575692339,-180.426630677488,,,,,,,,,,,,,,,,
1102,36.0813964,140.0803605,61.1786356264475,89.0306747733207,1.60763683180933,0,0,0.999473605418657,-0.015501589929882,2,2,0,0,1,-1,358.490437787503,-178.968345348456,,,,,,,,,,,,,,,,
1103,36.0814331,140.0803609,57.1184259344902,88.4794739937844,1.62217610392267,0,0,0.994332423652274,-0.10365159390673,2,2,0,0,1,-1,358.526423577703,-174.882920036059,,,,,,,,,,,,,,,,
1104,36.0814698,140.0803612,53.1392764575562,87.9334221812213,1.6418441000829,0,0,0.995422242542839,-0.09326290532687,2,2,0,0,1,-1,358.553412920993,-170.797494723661,,,,,,,,,,,,,,,,
1105,36.0814947,140.0803599,50.4122537070235,87.4842412150763,1.67303542883722,0,0,0.999706723632846,0.000876295851685,2,2,0,0,1,-1,358.43645910348,-168.025639402946,,,,,,,,,,,,,,,,
1106,36.0814986,140.0803605,49.9987944783187,87.4762234862818,1.68761269532003,0,0,0.99973068127407,-0.004684389676421,2,2,0,0,1,-1,358.490437787503,-167.591493389316,,,,,,,,,,,,,,,,
1107,36.0815045,140.0803609,49.2254499516393,87.3967515891919,1.68689805548167,0,0,0.999588626763413,0.003912206562121,2,2,0,0,1,-1,358.526423577703,-166.934708393079,,,,,,,,,,,,,,,,
1108,36.0815298,140.0803679,46.4485988149678,87.7182068940799,1.73561490199462,0,0,0.999660442763024,-0.010609195413946,2,2,0,0,1,-1,359.156174899821,-164.118325276318,,,,,,,,,,,,,,,,
1109,36.0815396,140.0803681,45.503748690576,87.6657675452473,1.74269203331106,0,0,0.999694136898502,0.010265571217533,2,2,0,0,1,-1,359.174167793643,-163.02739426645,,,,,,,,,,,,,,,,
1110,36.0815535,140.0803709,43.9881963756223,87.6892947034188,1.76827316414958,0,0,0.999682508682838,0.000133101476162,2,2,0,0,1,-1,359.42606832249,-161.480053344534,,,,,,,,,,,,,,,,
1111,36.0815689,140.0803699,42.1612688237542,87.4788989193791,1.7904349289096,0,0,0.999566029439297,0.01490169483637,2,2,0,0,1,-1,359.336103848267,-159.765733186058,,,,,,,,,,,,,,,,
1112,36.0815847,140.0803733,40.5996973348102,87.5228208376358,1.80446707446122,0,0,0.999684195217564,-0.0052562079005,2,2,0,0,1,-1,359.641983061137,-158.006885231535,,,,,,,,,,,,,,,,
1113,36.0816202,140.0803652,36.7591345387657,86.280670925121,1.84396254136153,0,0,0.994805388129971,-0.098693994922545,2,2,0,0,1,-1,358.913270817885,-154.05504330886,,,,,,,,,,,,,,,,
1114,36.0816562,140.0803593,32.8370151780867,85.1931590959187,1.91503715068951,0,0,0.960847648111263,-0.276069318415256,2,2,0,0,1,-1,358.382480419458,-150.047541640138,,,,,,,,,,,,,,,,
1115,36.0816894,140.0803375,29.5517999393737,82.8769013399435,1.97042070859649,0,0,0.986021479821977,-0.165315886007002,2,2,0,0,1,-1,356.421254875259,-146.351734545324,,,,,,,,,,,,,,,,
1116,36.0817255,140.0803292,25.7096078049304,81.6250415350257,1.99913444137303,0,0,0.988096398117375,-0.151678779103641,2,2,0,0,1,-1,355.674549738185,-142.333100928183,,,,,,,,,,,,,,,,
1117,36.0817373,140.0803278,24.4685508303749,81.3945604414351,1.99518785881882,0,0,0.999526903295139,0.001349552275647,2,2,0,0,1,-1,355.548599473762,-141.0195309365,,,,,,,,,,,,,,,,
1118,36.0817473,140.080329,23.4546235664587,81.3500672384991,2.005347864221,0,0,0.999592003466114,-0.002731667135456,2,2,0,0,1,-1,355.656556844364,-139.906336029005,,,,,,,,,,,,,,,,
1119,36.081785,140.0803251,19.401685307509,80.6033866437207,2.07773314063687,0,0,0.999540990585841,-0.001340923954183,2,2,0,0,1,-1,355.305695391826,-135.709591226095,,,,,,,,,,,,,,,,
1120,36.0817869,140.0803253,19.3266121252168,80.5844700604177,2.08083425257722,0,0,0.999529925553696,0.004696849406579,2,2,0,0,1,-1,355.323688288204,-135.498084193489,,,,,,,,,,,,,,,,
1121,36.0818076,140.0803285,16.9125051969459,80.5963392595911,2.15143908820452,0,0,0.999616599727794,-0.002683645894995,2,2,0,0,1,-1,355.611574607252,-133.193770734033,,,,,,,,,,,,,,,,
1122,36.0818159,140.0803292,16.1418960175456,80.5999375521126,2.15700375509208,0,0,0.999626327424145,0.006175469214524,2,2,0,0,1,-1,355.674549738185,-132.269818960725,,,,,,,,,,,,,,,,
1123,36.0818507,140.0803454,12.2386555202902,81.7087620124219,2.34158634305735,0,0,0.96979121545703,0.240188211708609,2,2,0,0,1,-1,357.131974224689,-128.395900680934,,,,,,,,,,,,,,,,
1124,36.0818853,140.0803663,8.59680187156167,83.409704473984,2.55492008223587,0,0,0.933621823443152,0.355819457710336,2,2,0,0,1,-1,359.012231739019,-124.544246299561,,,,,,,,,,,,,,,,
1125,36.0819079,140.0803981,5.61068437456527,86.1333052064026,2.80690345787535,0,0,0.875088654301746,0.481911414312842,2,2,0,0,1,-1,361.873102028004,-122.028425807499,,,,,,,,,,,,,,,,
1126,36.0819276,140.0804362,3.06619704133217,89.3513467017336,3.05811103135228,0,0,0.815624871484284,0.577150153583848,2,2,0,0,1,-1,365.300748503061,-119.835431838555,,,,,,,,,,,,,,,,
1127,36.0819355,140.0804784,1.67941411729695,93.1176756178415,3.24396642416646,0,0,0.719392179582521,0.693703956218086,2,2,0,0,1,-1,369.097249327034,-118.956007861294,,,,,,,,,,,,,,,,
1128,36.0819367,140.0805228,0.947236447756731,97.0658754389551,3.43954215066912,0,0,0.740710263637577,0.670458928597292,2,2,0,0,1,-1,373.091671990718,-118.822424472363,,,,,,,,,,,,,,,,
1129,36.0819349,140.080569,0.637484238512048,101.080288506567,3.64514331870227,0,0,0.719988347988243,0.692575978618474,2,2,0,0,1,-1,377.248030711584,-119.022799555759,,,,,,,,,,,,,,,,
1130,36.0819329,140.0806124,0.25818655606593,105.068537969497,3.85824147879737,0,0,0.738298936442577,0.673065918682474,2,2,0,0,1,-1,381.152488903602,-119.245438537575,,,,,,,,,,,,,,,,
1131,36.0819279,140.0806582,0.134870066520618,109.146088235645,4.07305425891971,0,0,0.714712625008455,0.69732183977938,2,2,0,0,1,-1,385.27286183171,-119.802035991718,,,,,,,,,,,,,,,,
1132,36.0819277,140.0807014,-0.326135031412794,113.165829158507,4.28746088808306,0,0,0.720919075890568,0.691869742177568,2,2,0,0,1,-1,389.159327127349,-119.824299889346,,,,,,,,,,,,,,,,
1133,36.0819221,140.0807473,-0.400368605764094,117.281282744779,4.51114816052537,0,0,0.767541418807504,0.639306645878497,2,2,0,0,1,-1,393.288696504924,-120.447689037954,,,,,,,,,,,,,,,,
1134,36.0819166,140.0807923,-0.354629788177773,121.357837178676,4.76040532426059,0,0,0.637815496760971,0.768970868999958,2,2,0,0,1,-1,397.337097855188,-121.059946237353,,,,,,,,,,,,,,,,
1135,36.0819097,140.0808351,-0.129505428750517,125.398110855758,4.98236822648078,0,0,0.725454656862641,0.686936536932013,2,2,0,0,1,-1,401.187577363184,-121.828050724102,,,,,,,,,,,,,,,,
1136,36.0819069,140.0808789,-0.406515026804641,129.432051562488,5.24604114272907,0,0,0.703279243232193,0.709428314003271,2,2,0,0,1,-1,405.128021342846,-122.139745298011,,,,,,,,,,,,,,,,
1137,36.0819099,140.0809249,-1.46086793277166,133.436925267681,5.48629439546564,0,0,0.834788560176968,0.549126534883957,2,2,0,0,1,-1,409.266387167332,-121.805786825684,,,,,,,,,,,,,,,,
1138,36.0819254,140.0809666,-3.6263017476725,136.872105832034,5.718316725474,0,0,0.92100231457293,0.387426777112933,2,2,0,0,1,-1,413.017905751637,-120.080334718789,,,,,,,,,,,,,,,,
1139,36.081945,140.0810028,-6.41089049126117,139.793862146908,5.94491056629442,0,0,0.872437701516335,0.486485935646899,2,2,0,0,1,-1,416.274619727715,-117.898472699055,,,,,,,,,,,,,,,,
1140,36.0819662,140.0810373,-9.26249711267461,142.715471895306,6.12935075232239,0,0,0.965425073968844,0.258342670922784,2,2,0,0,1,-1,419.37839409608,-115.538499494343,,,,,,,,,,,,,,,,
1141,36.0819965,140.0810607,-12.9651173437049,144.418017389705,6.28028429299822,0,0,0.991206415416519,0.125702220007819,2,2,0,0,1,-1,421.483562798524,-112.165518923438,,,,,,,,,,,,,,,,
1142,36.0820133,140.0810729,-15.1306000341352,144.947197390031,6.32833116955539,0,0,0.999419399129561,-0.013742584172445,2,2,0,0,1,-1,422.581129385579,-110.295351477612,,,,,,,,,,,,,,,,
1143,36.0820214,140.0810732,-15.8884161583967,145.174809004821,6.32344652659962,0,0,0.999573290138436,0.000865042923117,2,2,0,0,1,-1,422.608118728869,-109.393663602723,,,,,,,,,,,,,,,,
1144,36.0820262,140.0810738,-16.3725124102289,145.087049209958,6.35541932890694,0,0,0.999641199964093,-0.002911200511891,2,2,0,0,1,-1,422.662097412891,-108.859330046208,,,,,,,,,,,,,,,,
1145,36.0820262,140.0810738,-16.4666594318762,145.079647259571,6.35943846029391,0,0,0.999556596950972,0.000586052973358,2,2,0,0,1,-1,422.662097412891,-108.859330046208,,,,,,,,,,,,,,,,
1146,36.0820316,140.0810741,-16.9953002425438,144.991132729475,6.34353885061875,0,0,0.999649360843685,-0.006750705435198,2,2,0,0,1,-1,422.689086756181,-108.258204796018,,,,,,,,,,,,,,,,
1147,36.0820332,140.081074,-17.1978999169576,145.038817543647,6.33694081864023,0,0,0.999596218551321,0.007733875192785,2,2,0,0,1,-1,422.68009030927,-108.080093611041,,,,,,,,,,,,,,,,
1148,36.0820392,140.0810747,-17.9235791456543,145.000550576916,6.33859205769484,0,0,0.9993054595565,-0.0005743269852,2,2,0,0,1,-1,422.743065440203,-107.412176666385,,,,,,,,,,,,,,,,
1149,36.082041,140.081075,-18.0615454812966,145.01702839013,6.3469010664685,0,0,0.999179025662031,0.001970690710087,2,2,0,0,1,-1,422.770054783493,-107.211801582989,,,,,,,,,,,,,,,,
1150,36.0820422,140.0810751,-18.1630214159976,145.013772563588,6.34675448592183,0,0,0.999414125691469,0.002836941275333,2,2,1,0,1,1,422.779051230404,-107.078218194058,0,0,1,0,0,0,0,0,0,0,0,0,0,0,0,0
1151,36.0820384,140.0810719,-18.3706568922788,145.036517984331,6.35172259543703,0,0,0.999556059131847,-0.001448160504853,2,2,0,0,1,-1,422.491164911356,-107.501232258479,,,,,,,,,,,,,,,,
1152,36.0820395,140.0810718,-18.4508497977112,145.046389889632,6.33906681843085,0,0,0.999599497191641,0.002653082865084,2,2,0,0,1,-1,422.482168464445,-107.378780818757,,,,,,,,,,,,,,,,
1153,36.0820592,140.0810757,-20.9079003752464,144.97389536146,6.42853129525384,0,0,0.999104615890776,-0.021526445332295,2,2,0,0,1,-1,422.833029914426,-105.185786850604,,,,,,,,,,,,,,,,
1154,36.082075,140.0810732,-22.4273116682098,144.646193655083,6.47514868063505,0,0,0.999270849176065,0.012497608073654,2,2,0,0,1,-1,422.608118728869,-103.426938896082,,,,,,,,,,,,,,,,
1155,36.0820924,140.0810902,-24.6260606592878,145.702293382568,6.53114368699615,0,0,0.999544878650007,-0.007311930824079,2,2,0,0,1,-1,424.137514795774,-101.48997975579,,,,,,,,,,,,,,,,
1156,36.0821168,140.0810902,-27.4091783794417,145.618273973774,6.60912828332525,0,0,0.998950450843016,0.00818074891633,2,2,0,0,1,-1,424.137514795774,-98.7737841803318,,,,,,,,,,,,,,,,
1157,36.0821305,140.0810942,-28.7781445529458,145.887892326603,6.67144367941968,0,0,0.857938988447767,0.512275110506475,2,2,0,0,1,-1,424.497372692666,-97.2487071568341,,,,,,,,,,,,,,,,
1158,36.0821294,140.081139,-29.2108754898181,149.868729259201,6.88259762018228,0,0,0.606683801976274,0.793850731489359,2,2,0,0,1,-1,428.527781149108,-97.3711585965557,,,,,,,,,,,,,,,,
1159,36.0821198,140.0811839,-28.7557794325546,153.958035553357,7.0401586182951,0,0,0.602160102441569,0.79720275351089,2,2,0,0,1,-1,432.567186049903,-98.4398257080042,,,,,,,,,,,,,,,,
1160,36.0821143,140.081229,-28.6999239870835,157.98651213464,7.28743878570783,0,0,0.643824090365935,0.764017598358512,2,2,0,0,1,-1,436.624583849635,-99.0520829074033,,,,,,,,,,,,,,,,
1161,36.0821121,140.0812714,-29.1677310004572,161.961704632499,7.47769339425116,0,0,0.705766281652944,0.707817772087,2,2,0,0,1,-1,440.439077564873,-99.2969857876376,,,,,,,,,,,,,,,,
1162,36.0821071,140.081315,-29.041672375233,166.024712329139,7.68786252352477,0,0,0.68202845329516,0.730281873612639,2,2,0,0,1,-1,444.361528650713,-99.8535832409896,,,,,,,,,,,,,,,,
1163,36.0821031,140.0813583,-29.3088389441375,170.112208403553,7.93762422410326,0,0,0.720556610083093,0.691737760728335,2,2,0,0,1,-1,448.25699039582,-100.29886120462,,,,,,,,,,,,,,,,
1164,36.0821015,140.0814035,-29.7754845070356,174.086311785829,8.15580224198147,0,0,0.801188129724296,0.596938529299562,2,2,0,0,1,-1,452.323384639905,-100.476972389598,,,,,,,,,,,,,,,,
1165,36.0821,140.0814486,-30.1533368646228,178.139739296875,8.39800818265585,0,0,0.736040094643154,0.675588378299536,2,2,0,0,1,-1,456.38078243708,-100.643951626157,,,,,,,,,,,,,,,,
1166,36.0820946,140.0814945,-30.092453267393,182.152215057488,8.62765122939792,0,0,0.718770522133687,0.693840291771593,2,2,0,0,1,-1,460.510151814655,-101.245076876347,,,,,,,,,,,,,,,,
1167,36.0820926,140.0815382,-30.3898973523459,186.191647531163,8.82741142198089,0,0,0.653349745923199,0.755958646032835,2,2,0,0,1,-1,464.441599347406,-101.467715858163,,,,,,,,,,,,,,,,
1168,36.0820892,140.0815821,-30.6030762771717,190.223969207633,9.06525346139933,0,0,0.752877650624785,0.656587408140503,2,2,0,0,1,-1,468.391039776536,-101.846202126537,,,,,,,,,,,,,,,,
1169,36.0820881,140.0816263,-31.0469760248346,194.30765820883,9.28683971449742,0,0,0.714008168701697,0.698938314415133,2,2,0,0,1,-1,472.367469546398,-101.968653566259,,,,,,,,,,,,,,,,
1170,36.0820902,140.0816729,-31.7426722956114,198.253086602601,9.52631919779321,0,0,0.838499906993898,0.543427920655349,2,2,0,0,1,-1,476.559814057464,-101.734882636025,,,,,,,,,,,,,,,,
1171,36.0820871,140.0817195,-31.9184077143361,202.345907404943,9.69306896035674,0,0,0.691823881949468,0.721246620824155,2,2,0,0,1,-1,480.752158565973,-102.079973057562,,,,,,,,,,,,,,,,
1172,36.0820876,140.0817665,-32.3360220533645,206.388579762979,9.90577138246691,0,0,0.665263941246366,0.745450603026435,2,2,0,0,1,-1,484.980488864683,-102.024313311515,,,,,,,,,,,,,,,,
1173,36.082086,140.0818139,-32.4052628641393,210.544183650755,10.0674155144892,0,0,0.611660052864799,0.79027316697177,2,2,0,0,1,-1,489.244804953593,-102.202424497283,,,,,,,,,,,,,,,,
1174,36.0820779,140.0818567,-32.2020756287583,214.598482491963,10.2296371658744,0,0,0.703586644746788,0.709992389040947,2,2,0,0,1,-1,493.095284461588,-103.104112372173,,,,,,,,,,,,,,,,
1175,36.0820718,140.0819028,-32.1480092040748,218.671677425155,10.381586438505,0,0,0.74345045713813,0.667354184760058,2,2,0,0,1,-1,497.242646732986,-103.783161266037,,,,,,,,,,,,,,,,
1176,36.0820695,140.0819478,-32.6034032349042,222.70352334945,10.5526712233334,0,0,0.740837037184112,0.670606381424875,2,2,0,0,1,-1,501.29104808325,-104.039196095481,,,,,,,,,,,,,,,,
1177,36.0820716,140.0819955,-33.2188306634477,226.801472555378,10.7206410801346,0,0,0.737870010338186,0.673914693884183,2,2,0,0,1,-1,505.582353515449,-103.805425164456,,,,,,,,,,,,,,,,
1178,36.082072,140.0820385,-33.7953718089985,230.812483067325,10.9099015425225,0,0,0.721181877468824,0.691754312215041,2,2,0,0,1,-1,509.45082591471,-103.760897368409,,,,,,,,,,,,,,,,
1179,36.0820729,140.0820858,-34.3609383650926,234.835943943652,11.0628492337748,0,0,0.772868697217328,0.633870014235373,2,2,0,0,1,-1,513.706145556709,-103.660709826316,,,,,,,,,,,,,,,,
1180,36.0820716,140.0821296,-34.7069857971141,238.875485732488,11.1936062178663,0,0,0.684872071397776,0.727970458837972,2,2,0,0,1,-1,517.646589538928,-103.805425164456,,,,,,,,,,,,,,,,
1181,36.0820669,140.0821716,-34.4292445776194,242.906556380942,11.3401309559346,0,0,0.711983909449662,0.701472280015999,2,2,0,0,1,-1,521.425097463966,-104.328626770971,,,,,,,,,,,,,,,,
1182,36.0820688,140.0822144,-35.0791306983493,246.865018395632,11.4924154913311,0,0,0.653615831641555,0.756058863196405,2,2,0,0,1,-1,525.275576971961,-104.117119738365,,,,,,,,,,,,,,,,
1183,36.0820655,140.0822606,-35.0764313699059,250.96875047016,11.6258718422552,0,0,0.613188205624122,0.789211102832011,2,2,0,0,1,-1,529.43193569027,-104.484474058321,,,,,,,,,,,,,,,,
1184,36.0820673,140.0823036,-35.6695795202075,255.088503203841,11.7836979918416,0,0,0.756561992130221,0.653050846050376,2,2,0,0,1,-1,533.300408092087,-104.284098974924,,,,,,,,,,,,,,,,
1185,36.0820666,140.0823498,-36.0819349472211,259.141592423377,11.9265717424123,0,0,0.667198045792732,0.744206828360335,2,2,0,0,1,-1,537.456766812952,-104.362022618599,,,,,,,,,,,,,,,,
1186,36.0820623,140.0823934,-36.0701898193154,263.156139607655,12.0520827812394,0,0,0.740276561157601,0.671650901875201,2,2,0,0,1,-1,541.379217898792,-104.840696429067,,,,,,,,,,,,,,,,
1187,36.0820623,140.0824366,-36.2490424885997,267.175433967357,12.2182452086788,0,0,0.661353259491166,0.749372641143682,2,2,0,0,1,-1,545.265683194432,-104.840696429067,,,,,,,,,,,,,,,,
1188,36.0820606,140.0824826,-36.4194958357846,271.241731685531,12.3442573247046,0,0,0.66362970589516,0.747194864107205,2,2,0,0,1,-1,549.404049018918,-105.029939563254,,,,,,,,,,,,,,,,
1189,36.0820559,140.0825275,-36.3159018723134,275.293671628139,12.4903900461369,0,0,0.612098738882568,0.790082867155982,2,2,0,0,1,-1,553.443453922271,-105.553141169769,,,,,,,,,,,,,,,,
1190,36.0820513,140.0825692,-36.1413067726618,279.347379067632,12.6076708925007,0,0,0.671249879151031,0.740699471620517,2,2,0,0,1,-1,557.194972506576,-106.065210827865,,,,,,,,,,,,,,,,
1191,36.0820546,140.0826172,-37.0809796441572,283.352415249711,12.7614619949571,0,0,0.803711814203617,0.594283099301622,2,2,0,0,1,-1,561.513267279508,-105.69785650791,,,,,,,,,,,,,,,,
1192,36.0820536,140.0826594,-37.703013525235,287.327927949254,12.8988054502311,0,0,0.714563048740657,0.698824662070741,2,2,0,0,1,-1,565.309768100925,-105.809175998422,,,,,,,,,,,,,,,,
1193,36.0820505,140.0827017,-38.1240878457597,291.317526674042,13.0009450925933,0,0,0.919489807835933,0.392163929244651,2,2,0,0,1,-1,569.115265371809,-106.154266419959,,,,,,,,,,,,,,,,
1194,36.0820804,140.0827196,-42.0066140068709,292.583316104638,13.0938637579553,0,0,0.992391181002883,0.119277411170338,2,2,0,0,1,-1,570.725629463469,-102.825813645892,,,,,,,,,,,,,,,,
1195,36.0820988,140.0827267,-44.3936680972557,292.926193398685,13.1614431575556,0,0,0.999748817754937,-0.007317987910304,2,2,0,0,1,-1,571.364377232498,-100.777535015089,,,,,,,,,,,,,,,,
1196,36.0821106,140.0827259,-45.7463135327409,292.813197401886,13.1587900078889,0,0,0.999796387247073,0.005137048206859,2,2,0,0,1,-1,571.292405652097,-99.4639650234059,,,,,,,,,,,,,,,,
1197,36.0821225,140.0827293,-47.4389077964414,292.854278690939,13.177858276705,0,0,0.999724081921853,-0.000665434479708,2,2,0,0,1,-1,571.598284864967,-98.1392630833048,,,,,,,,,,,,,,,,
1198,36.0821504,140.0827306,-50.4670184571909,292.345920388301,13.1831831881262,0,0,0.999550366701755,0.022207220395499,2,2,0,0,1,-1,571.715238682479,-95.0334492902623,,,,,,,,,,,,,,,,
1199,36.0821642,140.0827288,-51.9297465658114,292.606205457678,13.2265702215877,0,0,0.999722056638652,-0.00477808976822,2,2,0,0,1,-1,571.553302627855,-93.4972403167643,,,,,,,,,,,,,,,,
1200,36.0821752,140.0827276,-53.1269994968789,292.546300564797,13.2078643369792,0,0,0.999692625221026,0.0066331783525,2,2,0,0,1,-1,571.44534525981,-92.272725917966,,,,,,,,,,,,,,,,
1201,36.0821901,140.0827238,-55.469227913536,292.575351779108,13.2460651145176,0,0,0.999916756717968,-0.009640964586877,2,2,0,0,1,-1,571.10348025674,-90.6140655055372,,,,,,,,,,,,,,,,
1202,36.0822166,140.0827211,-59.4178001053187,291.580289998765,13.2304537507617,0,0,0.998931734879585,-0.043672344143244,2,2,0,0,1,-1,570.860576174804,-87.6640989998447,,,,,,,,,,,,,,,,
1203,36.082219,140.0827213,-59.8409725654061,291.547340617791,13.2294104742648,0,0,0.999712104108619,0.009719218445417,2,2,0,0,1,-1,570.878569071182,-87.3969322219826,,,,,,,,,,,,,,,,
1204,36.0822426,140.0827311,-62.9210990884118,292.080232519163,13.2671597361125,0,0,0.999652333282066,-0.013827848809112,2,2,0,0,1,-1,571.760220919591,-84.7697922386173,,,,,,,,,,,,,,,,
1205,36.0822581,140.0827353,-64.7507366683295,291.824012108435,13.26724233376,0,0,0.999890876772387,0.003978708870491,2,2,0,0,1,-1,572.138071712862,-83.044340131723,,,,,,,,,,,,,,,,
1206,36.0822746,140.0827458,-66.8082496334918,291.995575928774,13.2561797382052,0,0,0.999910144930427,-0.00853988516583,2,2,0,0,1,-1,573.08269869476,-81.2075685335256,,,,,,,,,,,,,,,,
1207,36.0822659,140.0827555,-67.7379864937877,291.396909005675,13.244879813934,0,0,0.840420790348532,-0.541910218000587,2,2,0,0,1,-1,573.955354096258,-82.1760481036712,,,,,,,,,,,,,,,,
1208,36.0822641,140.0827384,-67.571653921177,289.849419388877,13.2137351744671,0,0,0.45660141095697,-0.889553409392587,2,2,0,0,1,-1,572.416961582442,-82.3764231870677,,,,,,,,,,,,,,,,
1209,36.0822497,140.0827245,-64.9429837981969,289.084289086884,13.2070682817278,0,0,-0.054710629830879,-0.998137242636343,2,2,0,0,1,-1,571.166455387673,-83.9794238542404,,,,,,,,,,,,,,,,
1210,36.0822228,140.0827264,-60.9622361514728,289.909734444171,13.1875503255114,0,0,-0.097208676652878,-0.99501459161739,2,2,0,0,1,-1,571.337387889208,-86.9739181567706,,,,,,,,,,,,,,,,
1211,36.0821956,140.0827218,-56.8759674866057,290.384016636731,13.180717756958,0,0,-0.122559093854305,-0.992263387081607,2,2,0,0,1,-1,570.923551308294,-90.0018083061381,,,,,,,,,,,,,,,,
1212,36.08218,140.0827192,-52.830729960989,290.887532214059,13.1668360873703,0,0,-0.091714248824181,-0.995586037874783,2,2,0,0,1,-1,570.689643673269,-91.7383923622418,,,,,,,,,,,,,,,,
1213,36.0821439,140.0827212,-48.8399072103249,291.408111321515,13.1587078941608,0,0,0.02378009558472,-0.999500639269262,2,2,0,0,1,-1,570.869572621715,-95.7570259801737,,,,,,,,,,,,,,,,
1214,36.0821079,140.0827233,-44.8546425545194,291.797871664141,13.1162854192713,0,0,-0.14506233934267,-0.98922205961829,2,2,0,0,1,-1,571.058498019629,-99.7645276488962,,,,,,,,,,,,,,,,
1215,36.0820589,140.082718,-40.7537109442598,291.858585835123,13.0696166798216,0,0,-0.068712287703894,-0.99739493815518,2,2,0,0,1,-1,570.581686305224,-105.219182697441,,,,,,,,,,,,,,,,
1216,36.0820296,140.082708,-38.3215911917003,291.286608181544,12.999374834683,0,0,0.451636651693809,-0.89216339024163,2,2,0,0,1,-1,569.682041560437,-108.480843777834,,,,,,,,,,,,,,,,
1217,36.0820184,140.0826605,-37.3536028870579,287.352223031941,12.8872416098571,0,0,0.628434833538287,-0.777842468737324,2,2,0,0,1,-1,565.408729024616,-109.727622075051,,,,,,,,,,,,,,,,
1218,36.0820161,140.0826109,-37.031196904957,283.26279611377,12.7369590907135,0,0,0.712227139809418,-0.701857908924396,2,2,0,0,1,-1,560.946491090881,-109.983656903704,,,,,,,,,,,,,,,,
1219,36.0820191,140.0825669,-37.0385057597364,279.22129602429,12.6382529491614,0,0,0.743053166885915,-0.669090852586174,2,2,0,0,1,-1,556.98805421484,-109.649698431376,,,,,,,,,,,,,,,,
1220,36.0820261,140.0825254,-36.7744395560255,275.173111242849,12.4833644860523,0,0,0.762725233184304,-0.646693073655593,2,2,0,0,1,-1,553.254528524357,-108.870461995418,,,,,,,,,,,,,,,,
1221,36.0820352,140.0824783,-37.3823691013926,271.135820165338,12.3510480261992,0,0,0.784542519421748,-0.62003046421055,2,2,0,0,1,-1,549.017201778736,-107.857454629225,,,,,,,,,,,,,,,,
1222,36.0820417,140.0824407,-37.2023058279437,267.077367258436,12.2219748074316,0,0,0.574425823050483,-0.818485854326746,2,2,0,0,1,-1,545.634537540792,-107.133877939314,,,,,,,,,,,,,,,,
1223,36.0820371,140.0823983,-36.1177979833454,263.140723928547,12.0274445469647,0,0,0.707059970498929,-0.706989324741386,2,2,0,0,1,-1,541.820043822997,-107.645947596619,,,,,,,,,,,,,,,,
1224,36.0820378,140.0823537,-35.6274698885511,259.000481666823,11.9191680836356,0,0,0.602619040630001,-0.79795382762196,2,2,0,0,1,-1,537.807628262934,-107.568023953735,,,,,,,,,,,,,,,,
1225,36.0820391,140.0823069,-35.2939590914783,254.931159297385,11.7345316411341,0,0,0.732411126034867,-0.680761773947486,2,2,0,0,1,-1,533.597290858046,-107.423308615595,,,,,,,,,,,,,,,,
1226,36.0820424,140.0822651,-35.0949594838044,250.917999060874,11.6269209137308,0,0,0.680069670441001,-0.733084564127501,2,2,0,0,1,-1,529.83677582683,-107.055954295639,,,,,,,,,,,,,,,,
1227,36.0820469,140.0822222,-35.2026112755568,246.840345463387,11.4713777869396,0,0,0.71609727487992,-0.697962710684024,2,2,0,0,1,-1,525.977299871924,-106.555016586752,,,,,,,,,,,,,,,,
1228,36.0820462,140.0821746,-34.6454842739266,242.768377095274,11.3331653030158,0,0,0.702406599618739,-0.711691942799682,2,2,0,0,1,-1,521.694990889191,-106.632940230427,,,,,,,,,,,,,,,,
1229,36.0820475,140.0821317,-34.3551335928139,238.729273733743,11.1852204594434,0,0,0.67767087407961,-0.735273538482713,2,2,0,0,1,-1,517.835514934285,-106.488224892286,,,,,,,,,,,,,,,,
1230,36.0820469,140.0820855,-34.0903970742378,234.681659084448,11.0553398634208,0,0,0.691941931537153,-0.721713734812598,2,2,0,0,1,-1,513.679156215976,-106.555016586752,,,,,,,,,,,,,,,,
1231,36.0820457,140.0820391,-33.7017360494636,230.646339451787,10.880028367553,0,0,0.748159083936132,-0.663149080077845,2,2,0,0,1,-1,509.504804601289,-106.688599975683,,,,,,,,,,,,,,,,
1232,36.082048,140.0819936,-33.4987310433789,226.585395144171,10.7089528010479,0,0,0.677492055367097,-0.735440794289065,2,2,0,0,1,-1,505.411421013914,-106.43256514703,,,,,,,,,,,,,,,,
1233,36.082047,140.0819483,-32.9452279881958,222.622299542742,10.5622706925992,0,0,0.671428917516819,-0.741011957326463,2,2,0,0,1,-1,501.336030320361,-106.543884638334,,,,,,,,,,,,,,,,
1234,36.0820535,140.0819038,-33.0653838800284,218.451298228214,10.4055118388204,0,0,0.707434053327548,-0.706719870523882,2,2,0,0,1,-1,497.332611207209,-105.820307947631,,,,,,,,,,,,,,,,
1235,36.0820544,140.0818572,-32.6941717308206,214.426266587667,10.255737516649,0,0,0.716803852739118,-0.697219347093759,2,2,0,0,1,-1,493.1402666987,-105.720120406328,,,,,,,,,,,,,,,,
1236,36.082063,140.0818169,-32.7255140000467,210.367495304565,10.0636437207847,0,0,0.686023063986178,-0.727382723436707,2,2,0,0,1,-1,489.514698378819,-104.762772785392,,,,,,,,,,,,,,,,
1237,36.0820661,140.0817718,-32.3863498967744,206.378992913512,9.89262679983958,0,0,0.731520017190992,-0.681588392317276,2,2,0,0,1,-1,485.457300579087,-104.417682363855,,,,,,,,,,,,,,,,
1238,36.0820672,140.0817284,-32.0187461273455,202.391957768746,9.69178723822525,0,0,0.817871297902755,-0.574818036996498,2,2,0,0,1,-1,481.552842389626,-104.295230924134,,,,,,,,,,,,,,,,
1239,36.0820684,140.0816833,-31.8203774886119,198.317693252359,9.49155183543549,0,0,0.593466273407496,-0.804652571984583,2,2,0,0,1,-1,477.495444589895,-104.161647535203,,,,,,,,,,,,,,,,
1240,36.0820649,140.0816406,-30.8921077094446,194.408970780525,9.28859381662402,0,0,0.741172467583496,-0.671032184749275,2,2,0,0,1,-1,473.653961531367,-104.551265752786,,,,,,,,,,,,,,,,
1241,36.0820686,140.081597,-30.8763461006725,190.388337338947,9.08130562801585,0,0,0.644949348566879,-0.764090467153669,2,2,0,0,1,-1,469.731510445527,-104.139383636784,,,,,,,,,,,,,,,,
1242,36.0820634,140.0815507,-30.1622663894629,186.439101062476,8.84311558821784,0,0,0.753115755191246,-0.657083689328084,2,2,0,0,1,-1,465.566155277751,-104.718244989346,,,,,,,,,,,,,,,,
1243,36.0820674,140.0815033,-30.1130638044043,182.412265541279,8.60336423779013,0,0,0.665080596224994,-0.746499168504205,2,2,0,0,1,-1,461.301839188841,-104.272967025715,,,,,,,,,,,,,,,,
1244,36.0820716,140.0814598,-30.2525655675811,178.354303411133,8.37982741995885,0,0,0.755851198134109,-0.654499017817689,2,2,0,0,1,-1,457.388384552469,-103.805425164456,,,,,,,,,,,,,,,,
1245,36.082071,140.0814135,-29.8902623055739,174.311245579071,8.18219435758485,0,0,0.722304546198186,-0.691170741682554,2,2,0,0,1,-1,453.223029384692,-103.872216858922,,,,,,,,,,,,,,,,
1246,36.0820715,140.0813692,-29.428023874,170.317160267039,7.94512842287272,0,0,0.701090368761733,-0.712992630520132,2,2,0,0,1,-1,449.237603165362,-103.816557113665,,,,,,,,,,,,,,,,
1247,36.0820724,140.0813232,-29.2418168514854,166.276338414967,7.70917915883147,0,0,0.752702555314914,-0.657919258230095,2,2,0,0,1,-1,445.099237340876,-103.716369571572,,,,,,,,,,,,,,,,
1248,36.0820769,140.0812748,-29.1632935467645,162.206131252137,7.49384435021306,0,0,0.694130633281171,-0.71955029629556,2,2,0,0,1,-1,440.744956777742,-103.215431863476,,,,,,,,,,,,,,,,
1249,36.0820771,140.0812323,-28.8939900799852,158.202462211161,7.27902174833517,0,0,0.758164289315145,-0.651788878424268,2,2,0,0,1,-1,436.921466613036,-103.193167965057,,,,,,,,,,,,,,,,
1250,36.0820779,140.0811882,-28.4445822065778,154.075699560998,7.06863289498286,0,0,0.61812904649972,-0.785972078868739,2,2,0,0,1,-1,432.954033290085,-103.104112372173,,,,,,,,,,,,,,,,
1251,36.0820854,140.0811443,-28.8510854088168,150.075662910286,6.88754697024421,0,0,0.825850373867507,-0.563442781636539,2,2,0,0,1,-1,429.004592863512,-102.269216191749,,,,,,,,,,,,,,,,
1252,36.0820856,140.0811047,-28.2664169401132,146.467697864156,6.67468731700803,0,0,0.427222666826372,-0.904071727994277,2,2,0,0,1,-1,425.441999674564,-102.24695229333,,,,,,,,,,,,,,,,
1253,36.0820732,140.0810954,-26.8996606152806,145.773017872066,6.60408790972722,0,0,-0.09691631337144,-0.994800916755397,2,2,0,0,1,-1,424.605330060711,-103.627313979478,,,,,,,,,,,,,,,,
1254,36.0820682,140.0810962,-26.5248726615308,146.190388531108,6.59673451587029,0,0,-0.067840657064725,-0.997250986353542,2,2,1,0,1,1,424.677301641112,-104.183911433621,0,0,1,0,0,0,0,0,0,0,0,0,0,0,0,0
1255,36.0820351,140.0810947,-22.838314882179,146.298975737956,6.56658307079478,0,0,0.03075261131793,-0.999079400884946,2,2,0,0,1,-1,424.542354929777,-107.868586578435,,,,,,,,,,,,,,,,
1256,36.0819975,140.0810917,-18.8102507780238,146.49293753865,6.46623150152474,0,0,-0.012185304742684,-0.999557715227997,2,2,0,0,1,-1,424.272461507108,-112.054199432135,,,,,,,,,,,,,,,,
1257,36.0819855,140.0810843,-17.5050931317146,146.136226961344,6.41424687108439,0,0,0.497041898998708,-0.867435342836989,2,2,0,0,1,-1,423.60672439479,-113.390033321445,,,,,,,,,,,,,,,,
1258,36.0819794,140.081041,-16.3773102215602,142.240333973257,6.22441108281216,0,0,0.675869146992144,-0.736876917479216,2,2,0,0,1,-1,419.711262652239,-114.06908221531,,,,,,,,,,,,,,,,
1259,36.0819917,140.0810049,-16.9912950113224,138.276963162496,6.03535437127167,0,0,0.686831733748705,-0.726775015263342,2,2,0,0,1,-1,416.463545123072,-112.699852479162,,,,,,,,,,,,,,,,
1260,36.0819916,140.0809581,-16.4437350456324,134.221665839452,5.81487819028774,0,0,0.72708628960627,-0.686385364979039,2,2,0,0,1,-1,412.253207720741,-112.710984428372,,,,,,,,,,,,,,,,
1261,36.0819922,140.0809115,-16.0924172344268,130.235804978064,5.63088423463054,0,0,0.717984313809129,-0.695880468555746,2,2,0,0,1,-1,408.060863209675,-112.644192733906,,,,,,,,,,,,,,,,
1262,36.0819962,140.0808667,-15.9607533628471,126.209480140947,5.43313528008162,0,0,0.647748235906413,-0.761851882932273,2,2,0,0,1,-1,404.030454755791,-112.198914770275,,,,,,,,,,,,,,,,
1263,36.0819976,140.0808225,-15.6017008392471,122.125866597015,5.19880621442204,0,0,0.767162334543994,-0.641291909985255,2,2,0,0,1,-1,400.054024983371,-112.043067482926,,,,,,,,,,,,,,,,
1264,36.0819976,140.0807775,-14.9685625445182,118.166436143947,5.05855774170228,0,0,0.688012328013523,-0.725517819650128,2,2,0,0,1,-1,396.005623633108,-112.043067482926,,,,,,,,,,,,,,,,
1265,36.0819992,140.0807301,-14.4466177985998,114.107097398648,4.846408744063,0,0,0.689391625401588,-0.724261766705052,2,2,0,0,1,-1,391.741307544197,-111.864956297948,,,,,,,,,,,,,,,,
1266,36.0820006,140.0806845,-14.1399497991426,110.042629505124,4.61956076329101,0,0,0.744098447694415,-0.667880911304753,2,2,0,0,1,-1,387.638927509911,-111.709109010598,,,,,,,,,,,,,,,,
1267,36.0820036,140.0806415,-13.9301452377795,105.996788444563,4.46456901521942,0,0,0.706486962814189,-0.707658597239869,2,2,0,0,1,-1,383.770455108094,-111.37515053827,,,,,,,,,,,,,,,,
1268,36.0820058,140.0805945,-13.7093936139435,101.987635162772,4.19808259586834,0,0,0.701927526218246,-0.71199934339333,2,2,0,0,1,-1,379.542124809384,-111.130247658827,,,,,,,,,,,,,,,,
1269,36.0820061,140.0805481,-13.191797858845,97.8964460856959,4.01337678432603,0,0,0.769093335919319,-0.638861142602764,2,2,0,0,1,-1,375.367773194697,-111.096851811199,,,,,,,,,,,,,,,,
1270,36.0820074,140.0805034,-12.8210497631417,93.7840336127756,3.81497682668933,0,0,0.696215187820876,-0.717606975528115,2,2,0,0,1,-1,371.346361187723,-110.952136473849,,,,,,,,,,,,,,,,
1271,36.082012,140.0804587,-12.7822507720077,89.7237666463196,3.6186388232837,0,0,0.6819837681396,-0.73129737991796,2,2,0,0,1,-1,367.324949178193,-110.440066815753,,,,,,,,,,,,,,,,
1272,36.0820114,140.0804164,-12.1253371476936,85.771197412373,3.42903770649141,0,0,0.655187804505332,-0.755338987183204,2,2,0,0,1,-1,363.519451909865,-110.506858510218,,,,,,,,,,,,,,,,
1273,36.0820156,140.080371,-12.1106735791919,81.748396847962,3.24868818701892,0,0,0.688839170118223,-0.724863956382882,2,2,0,0,1,-1,359.435064769401,-110.03931664896,,,,,,,,,,,,,,,,
1274,36.0820156,140.0803239,-11.599354821521,77.7226263591457,3.061646595782,0,0,0.732985631444598,-0.680148804810278,2,2,0,0,1,-1,355.197738023781,-110.03931664896,,,,,,,,,,,,,,,,
1275,36.0820195,140.0802831,-11.5244211723833,73.7075646157493,2.8750985103165,0,0,0.698805554736146,-0.715150027246209,2,2,0,0,1,-1,351.527187466788,-109.605170634538,,,,,,,,,,,,,,,,
1276,36.0820211,140.08024,-11.3349422750628,69.691828348024,2.71336649260385,0,0,0.74419429881109,-0.66792857292878,2,2,0,0,1,-1,347.64971861806,-109.427059449561,,,,,,,,,,,,,,,,
1277,36.0820215,140.0801953,-10.6545109870877,65.7410638299897,2.53714373895804,0,0,0.654375488573161,-0.756042342834742,2,2,0,0,1,-1,343.628306608529,-109.382531653514,,,,,,,,,,,,,,,,
1278,36.0820283,140.0801496,-10.9155690908625,61.5740721208235,2.34304171324879,0,0,0.707222455343427,-0.706936737980935,2,2,0,0,1,-1,339.516930127332,-108.625559115974,,,,,,,,,,,,,,,,
1279,36.0820313,140.0801063,-10.5640680456085,57.5444218331989,2.17530855444818,0,0,0.706146193012884,-0.707977246504042,2,2,0,0,1,-1,335.621468382225,-108.291600643647,,,,,,,,,,,,,,,,
1280,36.0820352,140.0800584,-10.3583555730449,53.4449746594246,1.96780856575744,0,0,0.738242528337131,-0.674409826203218,2,2,0,0,1,-1,331.312170056203,-107.857454629225,,,,,,,,,,,,,,,,
1281,36.0820356,140.0800131,-9.84815293046076,49.3982514921905,1.83372833747448,0,0,0.680087585365194,-0.733061562841775,2,2,0,0,1,-1,327.236779365207,-107.812926833179,,,,,,,,,,,,,,,,
1282,36.0820357,140.0799689,-9.4528107987937,45.3582744722071,1.65380273879055,0,0,0.727638716123144,-0.68575949201714,2,2,0,0,1,-1,323.260349592787,-107.801794883969,,,,,,,,,,,,,,,,
1283,36.0820401,140.0799216,-9.30035359048641,41.2473732524505,1.48226490860763,0,0,0.656610010186684,-0.754030028821762,2,2,0,0,1,-1,319.005029953345,-107.311989124292,,,,,,,,,,,,,,,,
1284,36.0820397,140.0798807,-8.74618484173357,37.2786154016634,1.27849709736702,0,0,0.501408141038052,-0.865110567253081,2,2,0,0,1,-1,315.325482946885,-107.356516921129,,,,,,,,,,,,,,,,
1285,36.0820211,140.0798425,-6.13146214888019,34.2126452879896,1.14320100464944,0,0,0.446964119184859,-0.894537997060432,2,2,0,0,1,-1,311.88884002236,-109.427059449561,,,,,,,,,,,,,,,,
1286,36.0819991,140.079807,-3.25374612802937,31.399251629584,1.00041451579165,0,0,0.486617463734356,-0.873580765918885,2,2,0,0,1,-1,308.695101179772,-111.876088247157,,,,,,,,,,,,,,,,
1287,36.081984,140.0797642,-1.21653394054024,27.9419764671711,0.853303811796204,0,0,0.523404011098933,-0.85203173393423,2,2,0,0,1,-1,304.844621674334,-113.557012558005,,,,,,,,,,,,,,,,
1288,36.0819798,140.0797227,-0.288985432857093,24.3911247321715,0.73146705638207,0,0,0.708944478441266,-0.705241993490398,2,2,1,0,1,1,301.111095983851,-114.024554419263,0,0,1,0,0,0,0,0,0,0,0,0,0,0,0,0
1289,36.0819797,140.0797193,-0.259907966387421,23.923582871108,0.737463782513652,0,0,0.708169375368499,-0.70593948014105,2,2,0,0,1,-1,300.805216770981,-114.035686368473,,,,,,,,,,,,,,,,
1290,36.0819773,140.0796746,0.556694276431471,19.9668413170677,0.594225077986572,0,0,0.679772920386399,-0.733364709249411,2,2,0,0,1,-1,296.783804764007,-114.302853146335,,,,,,,,,,,,,,,,
1291,36.0819766,140.0796478,0.79301140935166,17.7060258559578,0.46972004402355,0,0,0.686604229200535,-0.726767181303934,2,2,0,1,1,1,294.372756848694,-114.38077679001,0,0,1,0,0,0,0,0,0,0,0,0,0,0,0,0
1292,36.0819783,140.0796304,0.666301135837889,15.9233513126762,0.459042080193645,0,0,0.80677565316591,-0.590534449859179,2,2,0,0,1,-1,292.807374991588,-114.191533655823,,,,,,,,,,,,,,,,
1293,36.0819776,140.0795822,1.23695955704688,11.8585015376958,0.354883981698396,0,0,0.674219543548855,-0.738492684572698,2,2,0,0,1,-1,288.471087324833,-114.269457298707,,,,,,,,,,,,,,,,
1294,36.0819898,140.0795426,0.373730854023066,7.9335438123417,0.234813371061332,0,0,0.729546356044128,-0.683819611071933,2,2,0,0,1,-1,284.908494135886,-112.911359511768,,,,,,,,,,,,,,,,
1295,36.081994,140.0794962,0.432936498500192,3.93216548837316,0.06681073207682,0,0,0.926381402774587,-0.375556221486479,2,2,0,0,1,-1,280.734142521198,-112.443817649719,,,,,,,,,,,,,,,,
1296,36.0820149,140.0794897,-1.74323706131364,3.25042477836028,0.122121236626413,0,0,0.999384443303449,0.013538424258437,2,2,0,0,1,-1,280.149373436192,-110.117240292635,,,,,,,,,,,,,,,,
1297,36.0820233,140.0794923,-2.71251040826728,3.00794821203801,0.106680150759252,0,0,0.999664761762411,-0.005992869946401,2,2,0,0,1,-1,280.383281071217,-109.182156570117,,,,,,,,,,,,,,,,
1298,36.0820302,140.0794922,-3.2801722217214,3.16034860035718,0.14422636115184,0,0,0.993266922853988,-0.113367891759496,2,2,1,0,1,1,280.374284624306,-108.414052083368,0,0,1,0,0,0,0,0,0,0,0,0,0,0,0,0
1299,36.0820606,140.0794809,-6.56148760660925,1.69772512586623,0.203958535850992,0,0,0.99636021251732,-0.069591139107294,2,2,0,0,1,-1,279.357686062007,-105.029939563254,,,,,,,,,,,,,,,,
1300,36.082065,140.0794815,-6.85251083158118,1.45213169497066,0.190854616189575,0,0,0.999480781825173,0.000735742913627,2,2,0,0,1,-1,279.411664746029,-104.540133803577,,,,,,,,,,,,,,,,
1301,36.0820651,140.0794816,-6.89409394339099,1.458839331139,0.187489300659985,0,0,0.999336664428883,0.003502213280613,2,2,0,1,1,1,279.42066119294,-104.529001854367,0,0,1,0,0,0,0,0,0,0,0,0,0,0,0,0
1302,36.0820659,140.0794817,-6.99804608447151,1.55492452295595,0.200868445821121,0,0,0.99923092754698,-0.001283422605719,2,2,0,0,1,-1,279.429657642408,-104.439946262274,,,,,,,,,,,,,,,,
1303,36.0820669,140.0794817,-7.09966561514659,1.52952523653442,0.208049121976225,0,0,0.999252818023305,0.001020344716618,2,2,0,0,1,-1,279.429657642408,-104.328626770971,,,,,,,,,,,,,,,,
1304,36.0820736,140.0794836,-7.92690360258361,1.5510744906796,0.222778011311779,0,0,0.999881779081794,-0.005131530553076,2,2,0,0,1,-1,279.600590143943,-103.582786182641,,,,,,,,,,,,,,,,
1305,36.0820771,140.0794833,-8.18034164823177,1.48197807181739,0.238559521033439,0,0,0.999192078394072,0.026193792872899,2,2,0,0,1,-1,279.573600800653,-103.193167965057,,,,,,,,,,,,,,,,
1306,36.0820911,140.0794876,-9.91096879363775,1.64012168085677,0.295503342948569,0,0,0.999397282716684,0.000537509065242,2,2,0,0,1,-1,279.960448040835,-101.634695093931,,,,,,,,,,,,,,,,
1307,36.0821018,140.0794883,-11.0710669175863,1.64387195940532,0.314881771809104,0,0,0.99941052475085,0.003917334801294,2,2,0,0,1,-1,280.023423171768,-100.443576542761,,,,,,,,,,,,,,,,
1308,36.0821128,140.0794902,-12.3001975378804,1.60675989942843,0.365112282900407,0,0,0.999520860022518,-0.001971019568635,2,2,0,0,1,-1,280.194355673303,-99.2190621439626,,,,,,,,,,,,,,,,
1309,36.0821438,140.0794891,-15.6097622550022,1.07316086602699,0.439780548029904,0,0,0.999587945493749,0.006944746829182,2,2,0,0,1,-1,280.095394752169,-95.7681579293831,,,,,,,,,,,,,,,,
1310,36.0821647,140.0794965,-17.9139310845233,1.22662675768769,0.47536368134347,0,0,0.999758393041092,-0.002518045804744,2,2,0,0,1,-1,280.761131864488,-93.4415805715082,,,,,,,,,,,,,,,,
1311,36.0821747,140.0794962,-19.0053947528384,1.29880976673665,0.480830472020359,0,0,0.99971058612873,0.013652417358073,2,2,0,0,1,-1,280.734142521198,-92.3283856640131,,,,,,,,,,,,,,,,
1312,36.0821877,140.0794986,-20.4169383940013,1.1592040093605,0.466200553984154,0,0,0.999853563106614,-0.008891423247288,2,2,0,0,1,-1,280.950057259845,-90.8812322833994,,,,,,,,,,,,,,,,
1313,36.0821898,140.0794987,-20.5963957153503,1.0947498553738,0.505316396433925,0,0,0.999549658396008,0.000860007654609,2,2,0,0,1,-1,280.959053706756,-90.6474613523745,,,,,,,,,,,,,,,,
1314,36.0822121,140.0795019,-23.0960539760456,1.14630999989012,0.58318610747577,0,0,0.999372660565397,-0.005985450114278,2,2,0,0,1,-1,281.246940025804,-88.1650367079407,,,,,,,,,,,,,,,,
1315,36.0822349,140.0795014,-25.5336068149264,0.873385773951754,0.604787897802781,0,0,0.999633940939571,0.000617939217725,2,2,0,0,1,-1,281.201957788692,-85.6269523182507,,,,,,,,,,,,,,,,
1316,36.0822368,140.0795019,-25.8271576078824,0.814756245342174,0.62462618563661,0,0,0.999575442462977,-0.000121951057397,2,2,0,0,1,-1,281.246940025804,-85.4154452856447,,,,,,,,,,,,,,,,
1317,36.0822462,140.079503,-26.8813498000109,0.709686291500547,0.635001632186194,0,0,0.99967465702573,0.003633863873495,2,2,0,0,1,-1,281.345900946938,-84.3690420718241,,,,,,,,,,,,,,,,
1318,36.0822666,140.0795069,-29.2185025290626,0.81822507758232,0.693404215678391,0,0,0.999687684358651,-0.000802100086696,2,2,0,0,1,-1,281.696762396919,-82.0981244599962,,,,,,,,,,,,,,,,
1319,36.0822685,140.0795072,-29.2898421069671,0.809593206670459,0.69342412845185,0,0,0.9996771716504,0.001146319890858,2,2,0,0,1,-1,281.723751740208,-81.8866174273902,,,,,,,,,,,,,,,,
1320,36.0823039,140.0795165,-33.3111002305767,1.08261416745698,0.773202551275033,0,0,0.991728275818207,0.126340925418774,2,2,0,0,1,-1,282.560421351505,-77.9459074531332,,,,,,,,,,,,,,,,
1321,36.0823096,140.0795186,-34.1889107145609,1.17570613584151,0.809106836187485,0,0,0.999750885088914,-0.00815830555705,2,2,0,0,1,-1,282.749346749419,-77.3113863561062,,,,,,,,,,,,,,,,
1322,36.0823469,140.0795121,-37.8911318858344,0.209331746540088,0.869338697358893,0,0,0.999688546695305,0.003382081654359,2,2,0,0,1,-1,282.164577664413,-73.1591693492432,,,,,,,,,,,,,,,,
1323,36.082371,140.0795161,-40.4069091049439,0.414518331772669,0.897886429527948,0,0,0.999561197369448,-0.014786447997976,2,2,0,0,1,-1,282.524435563862,-70.4763696214128,,,,,,,,,,,,,,,,
1324,36.0824066,140.0795166,-43.9765158259239,0.013120369457506,1.00476415523457,0,0,0.999559729783961,0.002457331387377,2,2,0,0,1,-1,282.569417800973,-66.513395748737,,,,,,,,,,,,,,,,
1325,36.0824172,140.0795169,-44.8885499945425,0.031137774286367,1.02217034465901,0,0,0.999687009632616,0.000117839528039,2,2,0,0,1,-1,282.596407141706,-65.3334091459854,,,,,,,,,,,,,,,,
1326,36.0824172,140.0795169,-45.054672461451,0.016943371851876,1.02321162605066,0,0,0.999700382907571,0.000810229733219,2,2,0,0,1,-1,282.596407141706,-65.3334091459854,,,,,,,,,,,,,,,,
1327,36.0824193,140.0795173,-45.205753637903,0.018847153491877,1.03570677257113,0,0,0.999651069310638,-0.003636146393023,2,2,0,0,1,-1,282.632392931907,-65.0996382157515,,,,,,,,,,,,,,,,
1328,36.0824257,140.0795182,-46.0169781787133,-0.069806933108098,1.03588172116329,0,0,0.999581425598387,0.001080193542203,2,2,0,0,1,-1,282.713360959219,-64.3871934742586,,,,,,,,,,,,,,,,
1329,36.082443,140.0795211,-48.1281029081648,0.061568381046801,1.10377339306073,0,0,0.999617797237625,-0.008697086215286,2,2,0,0,1,-1,282.974257934977,-62.4613662839677,,,,,,,,,,,,,,,,
1330,36.0824507,140.0795185,-49.37307598074,-0.138727160202316,1.11077389245475,0,0,0.999030228661591,0.018712523805871,2,2,0,0,1,-1,282.740350302508,-61.6042062051253,,,,,,,,,,,,,,,,
1331,36.0824701,140.0795216,-51.7673574721457,-0.035524770501533,1.18659529358209,0,0,0.999578045936616,-0.011620209249507,2,2,0,0,1,-1,283.019240172088,-59.4446080830187,,,,,,,,,,,,,,,,
1332,36.0825057,140.0795193,-55.7389523115237,-0.516561569161922,1.27347519188507,0,0,0.999458529046406,-0.013394441449173,2,2,0,0,1,-1,282.812321880353,-55.4816342111338,,,,,,,,,,,,,,,,
1333,36.0825075,140.0795195,-55.9527159921656,-0.493051096174824,1.28390349103823,0,0,0.999410332073584,0.015452784009692,2,2,0,0,1,-1,282.830314776731,-55.2812591277373,,,,,,,,,,,,,,,,
1334,36.0825187,140.0795218,-57.3531586575602,-0.472224488572802,1.33288955681164,0,0,0.999304712752719,-0.019423340334096,2,2,0,0,1,-1,283.03723306591,-54.0344808305201,,,,,,,,,,,,,,,,
1335,36.0825486,140.0795221,-60.5412880297781,-0.817990757301199,1.37965965394449,0,0,0.999583217546154,0.017264478180798,2,2,0,0,1,-1,283.0642224092,-50.7060280564533,,,,,,,,,,,,,,,,
1336,36.0825659,140.0795257,-62.5761478731042,-0.791940082366551,1.43304948503537,0,0,0.999641878524145,-0.007965866476063,2,2,0,0,1,-1,283.388094518448,-48.7802008653715,,,,,,,,,,,,,,,,
1337,36.0825792,140.0795259,-63.9357907838329,-0.955581006769052,1.47083373940927,0,0,0.999567965326413,0.007299615777305,2,2,0,0,1,-1,283.40608741227,-47.2996516379205,,,,,,,,,,,,,,,,
1338,36.0826,140.079531,-66.4341629427571,-0.808540144491367,1.51903745587583,0,0,0.999756926583604,-0.009004247883561,2,2,0,0,1,-1,283.864906232853,-44.9842062292549,,,,,,,,,,,,,,,,
1339,36.0826172,140.0795308,-68.3288153034694,-1.04992231912355,1.55959635954534,0,0,0.999672598307705,0.003274604376253,2,2,0,0,1,-1,283.846913336474,-43.0695109873825,,,,,,,,,,,,,,,,
1340,36.0826366,140.0795352,-70.38307635076,-0.891448937658224,1.61350123505383,0,0,0.999593995943197,-0.013450424033239,2,2,0,0,1,-1,284.242757023567,-40.9099128660669,,,,,,,,,,,,,,,,
1341,36.0826536,140.079535,-72.2384782756585,-1.17227052909628,1.65248824327545,0,0,0.999590983357142,0.009417089556765,2,2,0,0,1,-1,284.224764129745,-39.0174815226133,,,,,,,,,,,,,,,,
1342,36.0826614,140.0795366,-73.2334388713826,-1.19101127737366,1.68933848537449,0,0,0.999626760037576,-0.013616190545927,2,2,0,0,1,-1,284.36870728799,-38.1491894945615,,,,,,,,,,,,,,,,
1343,36.0826899,140.079538,-76.2386055605446,-1.49984319629115,1.76538489391033,0,0,0.999661854633382,0.001365715344605,2,2,0,0,1,-1,284.494657552414,-34.9765840070535,,,,,,,,,,,,,,,,
1344,36.0827089,140.0795435,-78.3212391935341,-1.24856859280118,1.80101166799219,0,0,0.999658778549909,-0.011861011803294,2,2,0,0,1,-1,284.989462163198,-32.8615136817845,,,,,,,,,,,,,,,,
1345,36.0827311,140.0795435,-80.7598822366537,-1.68899108788827,1.84554704080206,0,0,0.999815815850189,0.006809393261576,2,2,0,0,1,-1,284.989462163198,-30.3902209865601,,,,,,,,,,,,,,,,
1346,36.0827481,140.0795488,-82.8782934100707,-1.49996297994518,1.91101759336743,0,0,0.999555259140837,-0.008977256433532,2,2,0,0,1,-1,285.466273877602,-28.4977896431065,,,,,,,,,,,,,,,,
1347,36.0827864,140.0795493,-86.903681369098,-2.06027447467677,1.99738994520849,0,0,0.998740043735887,-0.041998836292889,2,2,0,0,1,-1,285.511256114714,-24.2342531457313,,,,,,,,,,,,,,,,
1348,36.0827904,140.0795495,-87.4376177998385,-2.09402963831575,2.00364936438333,0,0,0.999664856522143,0.000707831876167,2,2,0,0,1,-1,285.529249008536,-23.7889751821005,,,,,,,,,,,,,,,,
1349,36.0828263,140.0795593,-91.4446852204843,-1.74080891069409,2.10788315294268,0,0,0.998320269434972,0.053083269448575,2,2,0,0,1,-1,286.410900859501,-19.7926054625874,,,,,,,,,,,,,,,,
1350,36.0828319,140.0795607,-92.070465329842,-1.76385422807317,2.11133941900299,0,0,0.999609694825842,-0.001312425902386,2,2,0,0,1,-1,286.536851123925,-19.1692163147698,,,,,,,,,,,,,,,,
1351,36.0828491,140.0795619,-93.9101437246106,-1.87276375337597,2.15590232030177,0,0,0.999689582561853,0.001789566430134,2,2,0,0,1,-1,286.644808491969,-17.2545210728974,,,,,,,,,,,,,,,,
1352,36.0828548,140.0795627,-94.5556155991384,-1.8863633181336,2.18237422556928,0,0,0.999631292127827,-0.001595273919301,2,2,0,0,1,-1,286.716780072371,-16.6199999750794,,,,,,,,,,,,,,,,
1353,36.0828854,140.079563,-97.7912555436426,-2.40864043479539,2.25423951504315,0,0,0.999487745532323,0.009528611950024,2,2,0,0,1,-1,286.74376941566,-13.2136235573376,,,,,,,,,,,,,,,,
1354,36.0829025,140.0795686,-99.8151954111546,-2.16422503091518,2.30129074798315,0,0,0.999809169466316,-0.000945133420101,2,2,0,0,1,-1,287.247570470798,-11.3100602646746,,,,,,,,,,,,,,,,
1355,36.0829141,140.0795694,-101.006812361751,-2.21121386767242,2.32916898482011,0,0,0.999596314541802,0.008568400972594,2,2,0,0,1,-1,287.319542051199,-10.0187541714108,,,,,,,,,,,,,,,,
1356,36.0829309,140.0795737,-102.932707864403,-2.21056896337793,2.3754289866749,0,0,0.999631676995348,-0.000464061522499,2,2,0,0,1,-1,287.706389291381,-8.14858672558512,,,,,,,,,,,,,,,,
1357,36.0829668,140.0795706,-106.915231496333,-3.14684028690842,2.44324468675847,0,0,0.994575191447782,-0.100470475459548,2,2,0,0,1,-1,287.427499419244,-4.15221700607202,,,,,,,,,,,,,,,,
1358,36.0830011,140.0795564,-110.499798679949,-5.06296599562417,2.520488557719,0,0,0.976185798473442,-0.214753795337799,2,2,0,0,1,-1,286.150003883743,-0.333958472327629,,,,,,,,,,,,,,,,
1359,36.0830241,140.0795456,-112.986791415146,-6.57110881499966,2.54515255385188,0,0,0.705320689670447,-0.70876772616659,2,2,0,0,1,-1,285.178387558555,2.22638981578119,,,,,,,,,,,,,,,,
1360,36.0830333,140.0795038,-113.53112729028,-10.6274603119023,2.53000522240492,0,0,0.734999060948546,-0.678031480261976,2,2,0,0,1,-1,281.417872527339,3.25052913118291,,,,,,,,,,,,,,,,
1361,36.0830395,140.0794585,-113.619579689498,-14.6968615659374,2.42354645913196,0,0,0.644276565222614,-0.7647820130487,2,2,0,0,1,-1,277.342481833786,3.940709974257,,,,,,,,,,,,,,,,
1362,36.0830414,140.0794148,-113.255693541564,-18.7405771861613,2.32204714797987,0,0,0.739058819838661,-0.673630008820636,2,2,0,0,1,-1,273.411034301035,4.15221700686299,,,,,,,,,,,,,,,,
1363,36.0830432,140.0793666,-112.708087070465,-22.7690806138831,2.24016529833387,0,0,0.779218295847078,-0.626741548605027,2,2,0,0,1,-1,269.074746631723,4.35259209025957,,,,,,,,,,,,,,,,
1364,36.0830486,140.0793222,-112.587595186838,-26.8785543213797,2.16414086480137,0,0,0.676629657394563,-0.736319304333423,2,2,0,0,1,-1,265.080323968039,4.9537173404493,,,,,,,,,,,,,,,,
1365,36.0830491,140.0792754,-112.054640125225,-30.9303825365712,2.06872122126346,0,0,0.665039860737149,-0.746806463761055,2,2,0,0,1,-1,260.869986563151,5.00937708570541,,,,,,,,,,,,,,,,
1366,36.0830539,140.0792332,-111.959915077236,-34.9717065609959,1.96481372931814,0,0,0.639968570893903,-0.768358680347091,2,2,0,0,1,-1,257.073485741735,5.54371064142962,,,,,,,,,,,,,,,,
1367,36.0830565,140.079187,-111.710665992627,-38.9978128840356,1.88171933530674,0,0,0.690894670195288,-0.722936991381985,2,2,0,0,1,-1,252.91712702087,5.83314131771055,,,,,,,,,,,,,,,,
1368,36.0830588,140.079143,-111.403969336317,-43.0186817432327,1.79935123167216,0,0,0.69336182198238,-0.720581424426731,2,2,0,0,1,-1,248.958690144829,6.08917614636324,,,,,,,,,,,,,,,,
1369,36.083058,140.0790968,-110.644465405094,-47.1089673448443,1.70571832387279,0,0,0.698590384651332,-0.715477653362898,2,2,0,0,1,-1,244.802331426521,6.00012055426985,,,,,,,,,,,,,,,,
1370,36.083065,140.0790525,-110.732625193278,-51.1797485176623,1.60827232870954,0,0,0.6847198273103,-0.728799613922551,2,2,0,0,1,-1,240.816905207191,6.77935698943733,,,,,,,,,,,,,,,,
1371,36.0830653,140.0790066,-110.124346588169,-55.2748481106122,1.52101160099387,0,0,0.762891282413109,-0.646509433887857,2,2,0,0,1,-1,236.687535829615,6.81275283706558,,,,,,,,,,,,,,,,
1372,36.0830718,140.0789617,-110.096952616616,-59.4134644577301,1.43034291553908,0,0,0.668262085357383,-0.743909114284027,2,2,0,0,1,-1,232.648130928819,7.53632952697695,,,,,,,,,,,,,,,,
1373,36.0830778,140.0789179,-109.992734065769,-63.476655830086,1.34023672471758,0,0,0.729064914156926,-0.684433012766555,2,2,0,0,1,-1,228.707686946601,8.20424647163221,,,,,,,,,,,,,,,,
1374,36.0830836,140.0788751,-109.842707596595,-67.5171395182698,1.23752926480202,0,0,0.408898853109395,-0.912558739091009,2,2,0,0,1,-1,224.857207441162,8.84989951786863,,,,,,,,,,,,,,,,
1375,36.0830789,140.0788294,-108.746273343416,-71.4534843708456,1.12165323617793,0,0,0.668265101861872,-0.743922117063047,2,2,0,0,1,-1,220.745830957408,8.32669791135384,,,,,,,,,,,,,,,,
1376,36.0830854,140.0787863,-108.938690605502,-75.5161325209295,1.07427050381963,0,0,0.767539508618361,-0.640985608676808,2,2,0,0,1,-1,216.86836210868,9.05027460205618,,,,,,,,,,,,,,,,
1377,36.0830921,140.0787396,-108.965817139338,-79.5959084374284,1.00025116613483,0,0,0.724780582032036,-0.688945270492957,2,2,0,0,1,-1,212.66702115326,9.79611519038638,,,,,,,,,,,,,,,,
1378,36.0830928,140.0786959,-108.413241841632,-83.6135163140541,0.898904871298841,0,0,0.765607792650013,-0.643245151123354,2,2,0,0,1,-1,208.735573617952,9.87403883327035,,,,,,,,,,,,,,,,
1379,36.083101,140.0786507,-108.690144291375,-87.6866129315499,0.834244341765972,0,0,0.77056934768081,-0.637263226516201,2,2,0,0,1,-1,204.669179373867,10.7868586581599,,,,,,,,,,,,,,,,
1380,36.0831021,140.0786202,-108.37704765308,-90.2300366271322,0.782752655608397,0,0,0.676436574056201,-0.736409820658243,2,2,1,0,1,1,201.925262902394,10.9093100978815,0,0,1,0,0,0,0,0,0,0,0,0,0,0,0,0
1381,36.0831016,140.0786043,-108.157437877533,-91.6743440038095,0.737693588155175,0,0,0.646084358124275,-0.763247662361784,2,2,0,0,1,-1,200.494827759179,10.8536503526254,,,,,,,,,,,,,,,,
1382,36.0831035,140.0785604,-107.741406082934,-95.6632041397592,0.660363262080433,0,0,0.772233697338398,-0.635285473744526,2,2,0,0,1,-1,196.54538733005,11.0651573852314,,,,,,,,,,,,,,,,
1383,36.0831033,140.0785522,-107.479042946775,-96.336176738917,0.630619470276368,0,0,0.336534796090787,-0.941546908826218,2,2,0,0,1,-1,195.807678639887,11.0428934868125,,,,,,,,,,,,,,,,
1384,36.0831061,140.0785083,-107.295914963719,-100.366762270865,0.579297459228918,0,0,0.641198976435058,-0.767303330775157,2,2,0,0,1,-1,191.858238210757,11.3545880607213,,,,,,,,,,,,,,,,
1385,36.083108,140.0784642,-106.990125726149,-104.380744788459,0.49527573307142,0,0,0.704047046444292,-0.710134336628191,2,2,0,0,1,-1,187.890804887806,11.5660950933273,,,,,,,,,,,,,,,,
1386,36.0831113,140.0784163,-106.765578625982,-108.409151287055,0.407973659526687,0,0,0.670047550949249,-0.742307783774758,2,2,0,0,1,-1,183.581506561784,11.9334494132832,,,,,,,,,,,,,,,,
1387,36.0831145,140.0783733,-106.636470597212,-112.4810942563,0.325313078268201,0,0,0.729396235496274,-0.68405748910007,2,2,0,0,1,-1,179.713034159967,12.2896717840297,,,,,,,,,,,,,,,,
1388,36.0831186,140.0783259,-106.563364719122,-116.566648844762,0.258303554248493,0,0,0.704122057795301,-0.710073597454811,2,2,0,0,1,-1,175.448718071057,12.7460816960789,,,,,,,,,,,,,,,,
1389,36.0831224,140.0782813,-106.270872990429,-120.58907328272,0.195092732589601,0,0,0.599798124069673,-0.800137052931523,2,2,0,0,1,-1,171.436302510994,13.1690957612909,,,,,,,,,,,,,,,,
1390,36.0831239,140.0782347,-105.929003706983,-124.687441369123,0.107226341934275,0,0,0.773071551850279,-0.634275056408313,2,2,0,0,1,-1,167.243958002485,13.3360749970593,,,,,,,,,,,,,,,,
1391,36.0831309,140.0781898,-106.054297158232,-128.759758071689,0.031304353615017,0,0,0.633558692378612,-0.773623809999722,2,2,0,0,1,-1,163.204553099132,14.1153114330177,,,,,,,,,,,,,,,,
1392,36.0831257,140.0781434,-104.933930665044,-132.649454978897,-0.047482897089187,0,0,0.717076637079329,-0.696954848069688,2,2,0,0,1,-1,159.030201484445,13.5364500804558,,,,,,,,,,,,,,,,
1393,36.0831289,140.0780994,-104.781842607892,-136.695797431218,-0.086160117689691,0,0,0.64947164719309,-0.760323162972258,2,2,0,0,1,-1,155.071764608404,13.8926724512023,,,,,,,,,,,,,,,,
1394,36.0831337,140.0780536,-104.721316509187,-140.768485883938,-0.212520051280949,0,0,0.792228648037884,-0.610118301644866,2,2,0,0,1,-1,150.951391680296,14.4270060069265,,,,,,,,,,,,,,,,
1395,36.0831401,140.0780099,-104.923373421648,-144.879717076535,-0.258547986229468,0,0,0.684073475753969,-0.729412212184934,2,2,0,0,1,-1,147.019944144989,15.1394507484194,,,,,,,,,,,,,,,,
1396,36.0831445,140.0779638,-104.799772707809,-148.95786849974,-0.351459257178959,0,0,0.685261363694613,-0.728247181733238,2,2,0,0,1,-1,142.872581873591,15.629256507306,,,,,,,,,,,,,,,,
1397,36.0831435,140.0779195,-104.235941172005,-153.017883093849,-0.407158518797606,0,0,0.819180689926418,-0.573524153564465,2,2,0,0,1,-1,138.887155656818,15.5179370167937,,,,,,,,,,,,,,,,
1398,36.0831506,140.0778759,-104.410029422882,-157.03573736713,-0.476608907352893,0,0,0.648980766821891,-0.760648269882939,2,2,0,0,1,-1,134.964704568421,16.3083054011706,,,,,,,,,,,,,,,,
1399,36.0831533,140.0778306,-104.093994827359,-161.091328731109,-0.563917177565629,0,0,0.730298932001846,-0.683099826391238,2,2,0,0,1,-1,130.889313877425,16.608868026661,,,,,,,,,,,,,,,,
1400,36.0831559,140.0777844,-103.831913181348,-165.118466208365,-0.637463383137818,0,0,0.837414247157244,-0.546501224231892,2,2,0,0,1,-1,126.732955156559,16.8982987029419,,,,,,,,,,,,,,,,
1401,36.0831567,140.0777646,-103.690132542574,-166.992949021581,-0.673756673325745,0,0,0.634380862148452,-0.772841890249525,2,2,1,0,1,1,124.951658563364,16.9873542950353,0,0,1,0,0,0,0,0,0,0,0,0,0,0,0,0
1402,36.0831563,140.0777407,-103.28358738402,-169.158620646358,-0.738760533032862,0,0,0.752579688149526,-0.658430593304384,2,2,0,0,1,-1,122.801507623809,16.9428264989886,,,,,,,,,,,,,,,,
1403,36.0831634,140.0776964,-103.411627083615,-173.262530370742,-0.783889149886299,0,0,0.657914634865678,-0.752903949985033,2,2,0,0,1,-1,118.816081407035,17.7331948833655,,,,,,,,,,,,,,,,
1404,36.0831655,140.077651,-102.944104713381,-177.293698973792,-0.798998986853833,0,0,0.696970754458864,-0.717043972039794,2,2,0,0,1,-1,114.731694266571,17.9669658143903,,,,,,,,,,,,,,,,
1405,36.0831663,140.077606,-102.347389241491,-181.320952003226,-0.788439363530189,0,0,0.608632878737742,-0.79335562051569,2,2,0,0,1,-1,110.683292916308,18.0560214064837,,,,,,,,,,,,,,,,
1406,36.0831712,140.0775635,-102.201656752819,-185.319512478339,-0.823869675833227,0,0,0.608290438241509,-0.793684383349258,2,2,0,0,1,-1,106.859802751602,18.6014869114174,,,,,,,,,,,,,,,,
1407,36.0831603,140.0775444,-100.63432766397,-186.63564799445,-0.810391242824939,0,0,0.127464446334514,-0.991778775157876,2,2,0,0,1,-1,105.141481289339,17.3881044618285,,,,,,,,,,,,,,,,
1408,36.0831248,140.077539,-96.5988006338919,-186.470602954478,-0.895457138239792,0,0,0.116312523503018,-0.993203756819155,2,2,0,0,1,-1,104.655673128024,13.436262539153,,,,,,,,,,,,,,,,
1409,36.0830912,140.0775251,-92.5748902689504,-187.067632804668,-0.939310211294328,0,0,0.061013512080582,-0.998117394565332,2,2,0,0,1,-1,103.405166933256,9.69592764829261,,,,,,,,,,,,,,,,
1410,36.0830545,140.0775147,-88.5442329119505,-187.358343746476,-1.04046238726055,0,0,0.025851007792202,-0.999655124432225,2,2,0,0,1,-1,102.469536398268,5.61050233589514,,,,,,,,,,,,,,,,
1411,36.0830212,140.0775078,-84.491083033076,-187.267459679395,-1.13329974159791,0,0,-0.045467561224859,-0.998889531354953,2,2,0,0,1,-1,101.848781525618,1.90356329266297,,,,,,,,,,,,,,,,
1412,36.082984,140.0775048,-80.4749892286487,-186.987720193879,-1.21179910139477,0,0,-0.035445984687654,-0.999359824055035,2,2,0,0,1,-1,101.578888100392,-2.2375217649906,,,,,,,,,,,,,,,,
1413,36.0829474,140.0775041,-76.4163495169309,-186.384799273708,-1.31335097828074,0,0,-0.043005552260454,-0.999062640329268,2,2,0,0,1,-1,101.515912969458,-6.31181512738768,,,,,,,,,,,,,,,,
1414,36.0829119,140.0775027,-72.3583012206949,-185.864277184463,-1.36495214809743,0,0,-0.016286838107763,-0.999795278688014,2,2,0,0,1,-1,101.389962705035,-10.2636570508541,,,,,,,,,,,,,,,,
1415,36.0828755,140.077495,-68.3346190373578,-185.940367121065,-1.44369775017927,0,0,-0.057530437711496,-0.998309027141394,2,2,0,0,1,-1,100.697236251983,-14.3156865156233,,,,,,,,,,,,,,,,
1416,36.0828387,140.0774871,-64.271889942841,-186.042566775213,-1.54375403285734,0,0,0.086581781025276,-0.996171543923114,2,2,0,0,1,-1,99.9865169025531,-18.4122437772302,,,,,,,,,,,,,,,,
1417,36.0828033,140.077485,-60.2873096893851,-185.637313155355,-1.62153698959397,0,0,-0.002265078088318,-0.999951342580661,2,2,0,0,1,-1,99.7975915071962,-22.3529537506962,,,,,,,,,,,,,,,,
1418,36.0827669,140.0774783,-56.1499323078641,-185.562238048873,-1.71541415856596,0,0,-0.09012480303432,-0.995896703323441,2,2,0,0,1,-1,99.1948295283678,-26.4049832162564,,,,,,,,,,,,,,,,
1419,36.0827296,140.077483,-52.3029163555085,-184.455878084849,-1.76240860649323,0,0,-0.138016661387221,-0.990363619969673,2,2,0,0,1,-1,99.6176625587501,-30.5572002223284,,,,,,,,,,,,,,,,
1420,36.0826931,140.0774843,-48.3520195082566,-183.726084760513,-1.85574503990817,0,0,-0.079130437533032,-0.996666900462194,2,2,0,0,1,-1,99.7346163737059,-34.6203616363071,,,,,,,,,,,,,,,,
1421,36.0826562,140.0774813,-44.1893177725314,-183.413864111729,-1.90271760314431,0,0,0.045224385456838,-0.998922060376261,2,2,0,0,1,-1,99.4647229510368,-38.7280508471233,,,,,,,,,,,,,,,,
1422,36.0826456,140.0774781,-43.1288846963124,-183.498262007331,-1.93595330104543,0,0,0.082902822831179,-0.996526799219684,2,2,1,0,1,1,99.176836634546,-39.908037449084,0,0,1,0,0,0,0,0,0,0,0,0,0,0,0,0
1423,36.0826454,140.077478,-43.1351342713865,-183.510902892207,-1.9408128790455,0,0,0.084155594166995,-0.996421948489493,2,2,0,0,1,1,99.1678401850781,-39.9303013475028,0,0,0,0,0,0,1,0,0,0,0,0,0,0,0,0
