num,x,y,z,q1,q2,q3,q4,right_is_open,left_is_open,line_is_stop,signal_is_stop,isnot_skipnum
0,3.222102242735551,-2.4415842806463326,-0.0670181079290404,0,0,-0.34881416626463635,0.9371736918307465,0,0,0,0,1
1,6.971083055799248,-4.134280420283565,-0.18529987279271767,0,0,-0.035644363224171055,0.9993579293836161,0,0,0,0,1
2,10.91108037893522,-4.936288230165944,-0.2525409158161377,0,0,-0.04209489792866096,0.9991076922308494,0,0,0,0,1
3,11.091491014120612,-4.641243408717214,-0.27050665142768787,0,0,0.5105532622214318,0.8596910718774858,0,0,0,0,1
4,11.875519239503506,-3.027959791401547,-0.252192836408528,0,0,-0.009561314771879312,0.9999266707994181,0,0,0,0,1
5,14.573457616336695,-5.986827148810048,-0.3270232325235456,0,0,-0.36028171879662985,0.9327720091543007,0,0,1,0,1
6,18.666428304687265,-6.339573090148725,-0.3924763828879958,0,0,0.08577891435601885,0.9963124309965515,0,0,0,0,1
7,22.65834829566311,-6.040306092000975,-0.4603539790083828,0,0,0.1313473153792593,0.9913311664431771,0,0,0,0,1
8,26.593213997609855,-5.305119092678019,-0.531141159424052,0,0,0.06367381321351298,0.997931958327614,0,0,0,0,1
9,30.61380225783137,-4.611745665306594,-0.6096924352423128,0,0,0.0805318118775806,0.9967492667843303,0,0,0,0,1
10,34.67511230114648,-4.830116721563521,-0.6769610985495167,0,0,0.0030463776810616375,0.9999758864756949,0,0,1,0,1
11,38.69234855031464,-4.826267739890235,-0.7526767183883916,0,0,0.013319436544578936,0.9998880000280475,0,0,0,0,1
12,42.7472522547012,-4.945808030593736,-0.8027872496572716,0,0,0.1697271668325951,0.9853824660288113,0,0,0,0,1
13,46.837884575748916,-4.509797020766704,-0.847228584810599,0,0,0.03135387218103877,0.9994660014130865,0,0,0,0,1
14,50.928066454813326,-4.6246962901698225,-0.9085727169503165,0,0,0.026501065811461662,0.9996042628541835,0,0,0,0,1
15,53.186688901123986,-2.360660123776622,-0.9358557111868988,0,0,0.536849222005334,0.8435148662021653,0,0,0,0,1
16,53.848909081181745,1.6217426059688806,-0.9285048042988027,0,0,0.6785739910455754,0.7343508152644131,0,0,0,0,1
17,53.4400274997956,5.7017013116437205,-0.89564512048765,0,0,0.7372464266656852,0.6754993611791398,0,0,0,0,1
18,52.853199693278015,9.718574328976946,-0.8883907852724483,0,0,0.8286636768155512,0.5595895596764838,0,0,0,0,1
19,52.22211738291434,13.762096525332895,-0.8639019815330113,0,0,0.7693720612514591,0.6385203721196856,0,0,0,0,1
20,51.39029997957766,17.786089133846566,-0.8426068220030551,0,0,0.6247901624211422,0.7806390265694869,0,0,0,0,1
21,51.10040819479318,21.790897060705138,-0.8450473393524454,0,0,0.717258733707027,0.6962318428755492,0,0,0,0,1
22,51.01467191164345,25.792268893694835,-0.8479553889941668,0,0,0.7186370863674911,0.6941330676733469,0,0,0,0,1
23,49.59439174531998,29.666136657315835,-0.8901057441348003,0,0,0.6280738388141524,0.7780603631996404,0,0,0,0,1
24,49.57492090641814,33.68651790021792,-1.0291650728584225,0,0,0.7382255051156228,0.6738494092889397,0,0,0,0,1
25,49.2539166645546,37.76956557626402,-1.1375599265084642,0,0,0.6676183290654569,0.744352741575539,0,0,0,0,1
26,49.69818124672608,41.84373820843609,-1.3182574282737884,0,0,0.6611755688749448,0.7500504986823459,0,0,0,0,1
27,49.708869062254784,45.93452836271185,-1.4987039541570757,0,0,0.6777066992966455,0.7351232363605942,0,0,0,0,1
28,49.31644036292007,50.05536689409591,-1.6646177687166213,0,0,0.6995282336592741,0.7143926215358836,0,0,0,0,1
29,49.74461772524351,54.20363491664375,-1.881175540631811,0,0,0.66141953702732,0.7497333904552145,0,0,0,0,1
30,49.8929331200803,58.20117127350886,-2.09398088778709,0,0,0.6974855074252369,0.7160865869417861,0,0,0,0,1
31,49.67516104850676,62.21756080663031,-2.3155080469680884,0,0,0.7261171081474765,0.6871221924207612,0,0,0,0,1
32,49.48040357510169,66.23920006792179,-2.471666388178608,0,0,0.7110405795168416,0.7026271328153602,0,0,0,0,1
33,49.57097239580737,70.28382144481444,-2.6736809134253527,0,0,0.6674612563252011,0.74432160258788,0,0,0,0,1
34,49.586413083393985,74.28406406578596,-2.8635750018864723,0,0,0.6910119951667427,0.7225831906144495,0,0,0,0,1
35,49.67078523767504,78.33746928479464,-3.049684408198594,0,0,0.6585708460600541,0.7522423071509163,0,0,0,0,1
36,49.89286535916689,82.337309424254,-3.2592884449937793,0,0,0.7130892496576707,0.7007476328765827,0,0,0,0,1
37,49.96963640392616,86.34183607508426,-3.4423930835832044,0,0,0.672936887234011,0.7394242909885168,0,0,0,0,1
38,49.77098699213283,90.37030921404272,-3.6295367275609802,0,0,0.7931266784256391,0.6085869983958869,0,0,0,0,1
39,46.671025801386776,92.93208537695077,-3.7326093291046214,0,0,0.9861017460885242,0.1639603368299335,0,0,0,0,1
40,42.58241696924265,93.52462418876003,-3.6969746285449667,0,0,0.9995103797610752,-0.0017687147384457637,0,0,0,0,1
41,41.49622595473222,93.45912139690296,-3.7037233567972923,0,0,0.999541468645877,-0.0002729374036196061,0,0,0,0,1
42,40.29531696931905,93.44239394235662,-3.669989612666788,0,0,0.9995446417724437,-0.001760285948334619,0,0,0,0,1
43,36.28481973470762,93.2184416918858,-3.621447867421581,0,0,0.9994621173789869,-0.016177197261058936,0,0,0,0,1
44,36.09263601679593,93.2012293036057,-3.6125019586466935,0,0,0.9996343380267375,-0.00017804631352195152,0,0,0,0,1
45,35.32063300002876,93.23948969758233,-3.614674547334098,0,0,0.9993927193721754,-0.002450814212985388,0,0,0,0,1
46,32.2583432921352,90.5785333975337,-3.4062267339013874,0,0,0.9338804638671577,-0.3534251706586547,0,0,0,0,1
47,31.440824286789418,90.16583471272347,-3.3562423778101436,0,0,0.9989509739807106,0.0009652413155801653,0,0,0,0,1
48,28.86393334604352,90.47966492222126,-3.3557859028007595,0,0,0.9988776309856616,-0.004794310561097194,0,0,0,0,1
49,28.482059610240093,90.5591622106429,-3.389922710851118,0,0,0.9992681906725794,0.001945094883924569,0,0,0,0,1
50,26.687099691234796,90.48657767730137,-3.351783373575672,0,0,0.9992162285458421,-0.001566708812786804,0,0,0,0,1
51,26.30132301969591,90.44212359362781,-3.3507911276109157,0,0,0.9991967005164567,0.009363998859675888,0,0,0,0,1
52,23.404254194207393,90.57688958689506,-3.325103844056556,0,0,0.998963976606406,-0.008078047536129278,0,0,0,0,1
53,23.167020682225566,90.57736104559156,-3.3194703295934005,0,0,0.9989927313437901,0.0002403587806331882,0,0,0,0,1
54,20.62549432225729,90.61085658788392,-3.2722364108757054,0,0,0.99927660419928,-0.002477616981433622,0,0,0,0,1
55,20.524920926753044,90.59371768092035,-3.272011739399723,0,0,0.9989937427606954,0.003599551803408735,0,0,0,0,1
56,19.809599218041235,90.58217183220422,-3.264422378932872,0,0,0.9991484606928398,-0.002709403939578914,0,0,0,0,1
57,19.396631922446684,90.59282901812388,-3.2706287071506313,0,0,0.998892912006389,-0.0003893535219115558,0,0,0,0,1
58,15.336968587999625,90.82792321007976,-3.2027268678084586,0,0,0.9982381199027592,0.04579586061052528,0,0,0,0,1
59,14.415943995002046,90.97456313159849,-3.265687378069314,0,0,0.9992135158299171,-0.003997457629249952,0,0,0,0,1
60,13.853022235480807,90.88345019899063,-3.187626037044259,0,0,0.9991859390999667,0.0011288639260026473,0,0,0,0,1
61,13.652701611002295,90.86360511623496,-3.2038021008142916,0,0,0.9990362392581088,-0.0011442242794825223,0,0,0,0,1
62,12.151738150135186,90.77458810266921,-3.1926739993182682,0,0,0.9991655466344421,0.01065504073265126,0,0,0,0,1
63,8.872015243036158,90.92297156434256,-3.165272796618624,0,0,0.9988784095262054,-0.0013103761953226411,0,0,0,0,1
64,7.689950256969743,90.81202006021589,-3.151019050782274,0,0,0.9990102923490757,0.00243505418455743,0,0,0,0,1
65,6.981167182201647,90.84271089379224,-3.137875171225643,0,0,0.9992342798331598,-0.0041928783891630505,0,0,0,0,1
66,6.594016190228962,90.74227912007547,-3.1283843386807852,0,0,0.9993129061210834,0.004042058096863885,0,0,0,0,1
67,2.5256952742151357,90.860009279951,-3.086721711169805,0,0,0.9969275273247055,0.06721091010738879,0,0,0,0,1
68,-1.478924508778634,91.24024728202038,-3.047902518124782,0,0,0.9982475291995841,0.04622877956869798,0,0,0,0,1
69,-4.977609033584161,91.35156378458397,-3.0503762301569255,0,0,0.9991933702782677,-0.004291056202371689,0,0,0,0,1
70,-6.009991702979396,91.31385224447824,-3.065027300488651,0,0,0.9991896019460739,0.005216884591401806,0,0,0,0,1
71,-6.675296645405051,91.27380608006783,-3.0536200722467393,0,0,0.9992115836706033,-0.0016626049858493928,0,0,0,0,1
72,-7.563743447871807,91.2547968994033,-3.056702965051966,0,0,0.9993272864249814,0.001779671678506862,0,0,0,0,1
73,-7.936465354625933,91.2322503500247,-3.0749731172603063,0,0,0.9991708420494233,-0.0013964290396733404,0,0,0,0,1
74,-8.206615576168273,91.22977451962424,-3.091836696689369,0,0,0.999180930520778,0.016904354481592047,0,0,0,0,1
75,-12.199911029232673,91.55188131525377,-3.0447199985209723,0,0,0.9979842519410462,0.05112039096718461,0,0,0,0,1
76,-14.706279091835455,91.65699255736905,-3.0483625404913455,0,0,0.9991076558468529,-0.014117817812319373,0,0,0,0,1
77,-16.161605282485,91.5242527514149,-3.016996717275057,0,0,0.9991407582070624,0.01512767886411039,0,0,0,0,1
78,-20.265960379690352,91.62971362426909,-3.063014380739122,0,0,0.9991955563842999,0.018726491885501975,0,0,0,0,1
79,-23.077535719571248,91.62248729215,-3.0654006547975974,0,0,0.9993058159580613,-0.0020793027973182708,0,0,0,0,1
80,-23.339862323683313,91.61346613825407,-3.068798864823886,0,0,0.9994106046410767,-6.0659770915672245e-05,0,0,0,0,1
81,-23.371151846681162,91.61354332769811,-3.067414468379042,0,0,0.9993851797390297,-0.0005071999091058627,0,0,0,0,1
82,-23.493741889634865,91.61614274153432,-3.0693166911495835,0,0,0.9993887783106841,0.00514443404929455,0,0,0,0,1
83,-24.16844105794603,91.6121826739549,-3.042974392788506,0,0,0.9991875024170245,-0.006036776730860591,0,0,0,0,1
84,-24.74237402801714,91.61073369393064,-3.0468479417782013,0,0,0.9991534811746462,0.006416145636543414,0,0,0,0,1
85,-28.2250996229607,91.8879035119184,-3.0516933539312006,0,0,0.9992744265111272,-0.0006745723619156182,0,0,0,0,1
86,-28.46778810520732,91.8862954024335,-3.045261588541341,0,0,0.9992238807581064,0.0006563847021979417,0,0,0,0,1
87,-29.676465995652382,91.89992908381377,-3.0422571581522155,0,0,0.999119422057954,-0.0008314962584637413,0,0,0,0,1
88,-29.957571001915984,91.89471952196078,-3.050885770563412,0,0,0.9992449408161782,0.002041807958818438,0,0,0,0,1
89,-31.051409018933512,91.89664743401151,-3.0124095941677576,0,0,0.9986870400453416,-0.004336241970715046,0,0,0,0,1
90,-32.052798338586015,91.92927191837677,-2.950812503142668,0,0,0.9990882628124107,0.014417115142679696,0,0,0,0,1
91,-32.34540084964222,91.91187721334221,-3.010442268006867,0,0,0.9989952340302809,-0.0016681721473737494,0,0,0,0,1
92,-34.1738748770225,91.33983715149898,-3.0158176130073127,0,0,0.9987978532398909,0.003286645545997278,0,0,0,0,1
93,-38.13548358925231,92.3659131663078,-3.0634078486992684,0,0,0.9409668451493635,0.3362630959996171,0,0,0,0,1
94,-41.31689400620203,94.85439069751764,-3.268890007390174,0,0,0.9477528512714622,0.3179007280089241,0,0,0,0,1
95,-45.31448380631859,95.82005827842454,-3.3060888803780677,0,0,0.9959666520152857,0.08204078419707536,0,0,0,0,1
96,-49.41592484674892,96.08501059176587,-3.3699802403324934,0,0,0.9992799266598067,0.006591687264131143,0,0,0,0,1
97,-49.656331502831016,96.09743606601273,-3.3597545128456057,0,0,0.9989448408575378,-0.014438981193223774,0,0,0,0,1
98,-52.222642280125775,95.24751831540468,-3.319357702402913,0,0,0.9994624646861233,0.009113794192169185,0,0,0,0,1
99,-53.31153511965038,95.32247635025863,-3.3484797917757576,0,0,0.9995879334329634,-0.00961611312695968,0,0,0,0,1
100,-54.66050134960343,94.48404560874343,-3.2589216119857234,0,0,0.8584206834952576,-0.5111137889021888,0,0,0,0,1
101,-55.584938101367044,90.5236658965344,-3.0618359385637737,0,0,0.7908503763640392,-0.6109171521767497,0,0,0,0,1
102,-55.78582740615134,86.47490078558803,-2.8179273613954487,0,0,0.710260740997147,-0.7028924188118949,0,0,0,0,1
103,-55.630564127652306,82.29102878627944,-2.6020445849242084,0,0,0.6856755213108664,-0.7269336127093267,0,0,0,0,1
104,-55.54654233735603,78.22420576907044,-2.3969327637028175,0,0,0.7413716748354908,-0.670085340795422,0,0,0,0,1
105,-55.66488373867238,74.16704104141472,-2.1618831555228755,0,0,0.6728834755945942,-0.7387167550353297,0,0,0,0,1
106,-55.407506151402934,70.16885369876651,-1.9484311974541566,0,0,0.6849972350059936,-0.7274219077755125,0,0,0,0,1
107,-55.58249807687938,66.15059774808884,-1.7450475908402054,0,0,0.6778110243188822,-0.7344205626808736,0,0,0,0,1
108,-55.70121732064641,62.11096986166977,-1.5235278279276503,0,0,0.7014643373154924,-0.7116715106040348,0,0,0,0,1
109,-55.45709924682115,58.02219322723763,-1.3367691390963148,0,0,0.6792604991725728,-0.73302790689423,0,0,0,0,1
110,-55.61954824574902,53.9297206896808,-1.1118359896826726,0,0,0.6899817419115101,-0.7229317772861692,0,0,0,0,1
111,-56.048324162286214,49.92289010512867,-0.8654764254478958,0,0,0.7658403922426701,-0.6418386264839361,0,0,0,0,1
112,-56.16335882329131,45.90595016671144,-0.6658460107000863,0,0,0.7082554349142893,-0.705077389874658,0,0,0,0,1
113,-56.063039024460785,41.89881436385335,-0.5046967462143855,0,0,0.6968036055964838,-0.7164029254568001,0,0,0,0,1
114,-55.983463810025974,37.71396647405514,-0.30768974247059183,0,0,0.7209799183841569,-0.6922156855384365,0,0,0,0,1
115,-56.051748944889496,33.66466624153756,-0.19466769489468438,0,0,0.7573201004269244,-0.6526424789423733,0,0,0,0,1
116,-56.34379587880296,29.65014814341996,-0.11334317448574407,0,0,0.7369510856707908,-0.6755215055788498,0,0,0,0,1
117,-56.437791924958454,25.55945466365019,-0.006609038068489004,0,0,0.6838968131846603,-0.7292255497508795,0,0,0,0,1
118,-55.008935014889694,23.646349471650815,-0.008550569222982075,0,0,0.21393589453740827,-0.9767836075322006,0,0,0,0,1
119,-51.01938888202658,22.72864067328411,0.09317490140483428,0,0,0.08723040974159438,-0.9957537906980144,0,0,0,0,1
120,-47.1604695058605,23.941752737900654,0.15802175754659203,0,0,-0.1614650450177719,-0.9850025994429313,0,0,0,0,1
121,-43.08676122810281,24.490387460822266,0.30777687280949684,0,0,0.043088697550312215,-0.9989948078772986,0,0,0,0,1
122,-38.99073802113377,24.412202164202878,0.33203454978975977,0,0,-0.029884364765604986,-0.999515165404893,0,0,0,0,1
123,-34.97420328541764,23.93819894205345,0.36621313022511537,0,0,0.25752352976113274,-0.9662571311012558,0,0,0,0,1
124,-31.717807372254466,21.462921783804475,0.34085878504275585,0,0,0.33095991265359076,-0.9435931923854399,0,0,0,0,1
125,-28.04185369046443,19.741981308083403,0.32571983994826564,0,0,0.16009538996122852,-0.987092280229804,0,0,0,0,1
126,-24.401731175033984,18.029841971257948,0.2804428411428633,0,0,0.33208926306149494,-0.9432272928797455,0,0,0,0,1
127,-20.79248921444535,16.174460324501908,0.31089819494294435,0,0,0.054911488056967286,-0.9984841838078429,0,0,0,0,1
128,-16.735738871783166,16.12668880490508,0.23300892102423043,0,0,0.055117941434149526,-0.9984638051900567,0,0,0,0,1
129,-12.659407311949266,16.06959303235678,0.18531643538732448,0,0,0.13404679538165312,-0.9909602223509463,0,0,0,0,1
130,-8.591378756037951,15.794781791571594,0.12732472221415675,0,0,0.030875467030054986,-0.9995219981431275,0,0,0,0,1
131,-7.40811860098673,15.170831804524468,0.12725121363379124,0,0,0.5309167587634549,-0.8473834772136188,0,0,0,0,1
132,-5.2926092424489894,11.713308883982409,0.10347040377040885,0,0,0.4287447361426185,-0.9033521809536587,0,0,0,0,1
133,-1.814118095114082,9.73771148107307,0.01884160994945729,0,0,0.1011276238141113,-0.9948647848711442,0,0,0,0,1
134,2.221997890033373,9.758410123608549,-0.02912317503571411,0,0,0.06106521722282045,-0.9980653850384483,0,0,0,0,1
135,6.275721687982692,9.648566607481817,-0.12110035047921591,0,0,0.10382185604115156,-0.9945504803242963,0,0,0,0,1
136,10.355041802494226,9.816274860487558,-0.12984867184322996,0,0,-0.07951866916050722,-0.9968266244982067,0,0,0,0,1
137,14.263823456862703,10.671521762706712,-0.3402802127639533,0,0,0.0796198445152886,-0.9967992961168681,0,0,0,0,1
138,18.370992863873507,10.330892561336476,-0.4007276307367441,0,0,-0.17349372033536653,-0.9848148945015737,0,0,0,0,1
139,22.338365126616573,10.977399725756891,-0.43299693806557205,0,0,-0.4125162966062992,-0.9108502146860675,0,0,0,0,1
140,23.951971805290714,14.680896792622033,-0.4330587311004629,0,0,-0.4977808487615699,-0.8671148913242589,0,0,0,0,1
141,27.33758959910301,16.709713006689007,-0.5113346852373339,0,0,0.019646737269543763,-0.9996398900041038,0,0,0,0,1
142,31.342964323656005,16.66090898448261,-0.568598769784448,0,0,0.0300169106835145,-0.99953718436638,0,0,0,0,1
143,35.376159367473946,16.240483088209654,-0.6617895566531508,0,0,0.03877757498705372,-0.9992445714728163,0,0,0,0,1
144,39.420165692625254,16.165423999495694,-0.6738361292068111,0,0,-0.027111301645850655,-0.9994676617918703,0,0,0,0,1
145,43.44577001579207,16.03206282166704,-0.7079957182380352,0,0,0.024591373626228222,-0.9996786852372987,0,0,0,0,1
146,47.490937780156315,15.992543648387892,-0.788806384580334,0,0,0.005909337509303861,-0.9999776149122215,0,0,0,0,1
147,50.68757037453173,17.43543913164093,-0.8472405704561173,0,0,-0.4951872326176606,-0.8687259210235897,0,0,0,0,1
148,52.350200108627206,21.166234687902623,-0.8927389418181008,0,0,-0.5407765464994339,-0.8409399986396657,0,0,0,0,1
149,54.54295574177903,24.557284196982618,-1.0396457415006848,0,0,-0.08603998416865725,-0.9962811433560183,0,0,0,0,1
150,58.63404209230669,24.479599216086335,-1.234389409760197,0,0,0.11569195458327759,-0.9930878202209207,0,0,0,0,1
151,62.68506094476711,24.17477224034475,-1.4151704301897068,0,0,-0.004529116727346193,-0.9998772414429926,0,0,0,0,1
152,66.8604113446753,24.102835883229073,-1.6402868676229851,0,0,-0.05882467568736169,-0.9981641000945403,0,0,0,0,1
153,70.8766334034525,24.07727590219384,-1.7728041912187562,0,0,0.06214363258865563,-0.9979060587458933,0,0,0,0,1
154,74.955547069114,23.759297569196814,-1.9667389482925064,0,0,0.04725732959363622,-0.998546352593339,0,0,0,0,1
155,78.95847435665996,23.63646236552506,-2.1253364266927655,0,0,0.07942260852575528,-0.9965721667639249,0,0,0,0,1
156,82.97252114083147,23.568126142354174,-2.3160565456815254,0,0,-0.04578264719005301,-0.9988618433124598,0,0,0,0,1
157,86.96737723869012,24.206472659619518,-2.43148740944269,0,0,-0.10868256242210637,-0.9939424206824029,0,0,0,0,1
158,90.73502947107362,25.850745734750763,-2.598271526437524,0,0,-0.3903505501509637,-0.9206080306349868,0,0,0,0,1
159,94.14641704305204,28.007732536414835,-2.744539088296719,0,0,-0.1321778524200334,-0.9910694508753515,0,0,0,0,1
160,97.81087783924352,29.724914845013934,-2.9781712502318896,0,0,-0.3087207716730778,-0.9509156041102553,0,0,0,0,1
161,101.4851853608806,31.458786841378902,-3.175047915959272,0,0,-0.1309358385501252,-0.991185727178106,0,0,0,0,1
162,105.52042859037618,32.00674242901781,-3.350775489761526,0,0,0.0271555125450154,-0.9993186325449525,0,0,0,0,1
163,109.52708207891484,32.16027481516618,-3.532720280430933,0,0,-0.04023115319813352,-0.9987728516614705,0,0,0,0,1
164,113.55799950473224,32.88305504832016,-3.7070295821325456,0,0,0.03148123186530099,-0.9990104865079903,0,0,0,0,1
165,117.57316835784486,32.78220210060983,-3.8131861141487704,0,0,0.007149598661945802,-0.9996632992717682,0,0,0,0,1
166,121.64222851858412,32.80710122720602,-3.9011866425040944,0,0,-0.03331479950510089,-0.9992308472889554,0,0,0,0,1
167,125.6505188179031,32.866626549352354,-3.9888913679230407,0,0,0.05615109971174467,-0.9980092562344864,0,0,0,0,1
168,129.65028050570456,32.71832759572912,-4.062050349892844,0,0,0.013638412216223462,-0.9996329476143392,0,0,0,0,1
169,133.72656408184258,32.90897425546941,-4.14384703100707,0,0,-0.024077096276275894,-0.9994283851867991,0,0,0,0,1
170,137.73903406136643,32.52130469643435,-4.1649917137239605,0,0,0.10035593911946425,-0.9947198090013586,0,0,0,0,1
171,141.5495561042126,31.26127009423416,-4.208168479067117,0,0,0.008732795798835296,-0.9996586686307913,0,0,0,0,1
172,145.6231380274969,31.561101594559673,-4.287235258099683,0,0,-0.12916361548480598,-0.9912757413820946,0,0,0,0,1
173,149.68059271610258,31.560989150689544,-4.306535549023104,0,0,-0.06959624936738489,-0.9972896186589333,0,0,0,0,1
174,153.79579102022961,31.20301680690278,-4.38105474694056,0,0,-0.062943999162536,-0.9977355961216426,0,0,0,0,1
175,157.83383186350542,31.759314713012827,-4.494345463020826,0,0,-0.07359354139262388,-0.9969135706601676,0,0,0,0,1
176,161.85010075093274,32.33623300500555,-4.5773503804563935,0,0,0.06710458606112335,-0.9971847300136303,0,0,0,0,1
177,165.79329397316292,31.64602002803268,-4.596561472411719,0,0,0.11750783703052536,-0.9926572617552776,0,0,0,0,1
178,169.8075448313515,31.426419103599727,-4.675684853701277,0,0,0.08239682859814113,-0.9960450514942617,0,0,0,0,1
179,173.89170438761684,31.19158223277083,-4.7285938684119975,0,0,0.07593808167788932,-0.9965192556161694,0,0,0,0,1
180,177.9465007427053,31.347350586160015,-4.841688344681901,0,0,-0.0052302866980985,-0.9995705484169555,0,0,0,0,1
181,182.031786315478,31.665632009762852,-4.894882311234019,0,0,-0.00908232744080132,-0.9996998363905505,0,0,0,0,1
182,186.08601566850987,32.121546201318054,-4.969277582763641,0,0,-0.12123118770425484,-0.9923129755675937,0,0,0,0,1
183,190.16329519555526,32.53996142221485,-5.084466512689503,0,0,-0.05237319893478824,-0.9982721861158029,0,0,0,0,1
184,194.18534576675734,32.77377100883228,-5.170765790004078,0,0,-0.001593978161418337,-0.999625500379131,0,0,0,0,1
185,198.19480873257316,33.03188343328892,-5.253741487796717,0,0,-0.02161697734214264,-0.9994455010440355,0,0,0,0,1
186,202.27666540318762,33.112783762409755,-5.322599938020327,0,0,0.006812485914409555,-0.9991928417735986,0,0,0,0,1
187,206.35132735264943,33.37403920879214,-5.421693681281353,0,0,-0.036020514319358723,-0.9990415485016473,0,0,0,0,1
188,210.41658140870652,33.64516705919095,-5.505574563212012,0,0,-0.012704579316760771,-0.9993759615690598,0,0,0,0,1
189,214.43099276505794,33.79193574720967,-5.575119056716685,0,0,0.09007020362959539,-0.995523446174078,0,0,0,0,1
190,218.44971526661035,33.44008245713474,-5.635448083664012,0,0,0.07588705953267345,-0.9966700021264169,0,0,0,0,1
191,222.46996414801472,33.161196005531416,-5.68510359916887,0,0,0.0529393047881721,-0.9981489430578259,0,0,0,0,1
192,226.4817151461569,33.91050516103395,-5.793060317852012,0,0,-0.027963408138186197,-0.9993275687544372,0,0,0,0,1
193,230.56662134107933,33.394066081545596,-5.798429526595659,0,0,0.02273885151033539,-0.9991773968050175,0,0,0,0,1
194,234.5733192787165,33.514100588537886,-5.908827237274798,0,0,0.00020774501441551803,-0.999499800560705,0,0,0,0,1
195,238.6137234881959,32.980233292921405,-5.934210274181446,0,0,0.10317397645196316,-0.994039744589741,0,0,0,0,1
196,242.62688894189907,32.56873875438268,-5.980211335578047,0,0,-0.10975529913090563,-0.9937004362717974,0,0,0,0,1
197,246.64248842767844,32.97631298299783,-6.066487260179502,0,0,0.045074619563764774,-0.9984345538225199,0,0,0,0,1
198,250.70506925788797,32.84909977449727,-6.160834876070555,0,0,0.02246792196709071,-0.9994235455590847,0,0,0,0,1
199,254.79022551521382,32.9142022985021,-6.190523081706744,0,0,-0.07104555976890214,-0.9972554846869067,0,0,0,0,1
200,258.8101881111041,32.64309172830707,-6.259836109582521,0,0,0.18330883220408553,-0.9826806629264508,0,0,0,0,1
201,262.8800175608878,32.39966933158454,-6.297609733038983,0,0,0.07891695648348057,-0.9964766314785138,0,0,0,0,1
202,266.84535562475855,31.853171112297517,-6.31629563310888,0,0,0.03541167042516942,-0.9989888241632824,0,0,0,0,1
203,270.9047634053262,31.840247282077396,-6.381373959952735,0,0,0.012773708836874462,-0.999435600729519,0,0,0,0,1
204,274.9574729506708,31.675604575087107,-6.441029485180122,0,0,0.013048702725067328,-0.999234510792793,0,0,0,0,1
205,278.9810336250996,31.64415907052842,-6.473394576159676,0,0,0.05140599835463371,-0.9979780255666564,0,0,0,0,1
206,282.99087515110295,31.47259154428574,-6.516761088803257,0,0,0.0003253129004739357,-0.9996745248189091,0,0,0,0,1
207,286.8266363083951,30.155922514771326,-6.488576760996738,0,0,0.45727613257416394,-0.888800179389092,0,0,0,0,1
208,287.30832345701344,26.07039396917717,-6.305059839947846,0,0,0.7423268278894289,-0.6687408609105772,0,0,0,0,1
209,286.8422083080121,22.046184217142773,-6.072296107444245,0,0,0.7581787949127731,-0.6512307385668912,0,0,0,0,1
210,287.16772371965493,17.961927329100803,-5.92397263844599,0,0,0.592647668983989,-0.8046070400217578,0,0,0,0,1
211,287.5402319514172,13.961186466586891,-5.712822155082057,0,0,0.6551210619922709,-0.7545529270229631,0,0,0,0,1
212,287.1748066646681,9.951244018887655,-5.431492226910237,0,0,0.8364240922134987,-0.5468505156062733,0,0,0,0,1
213,287.0949647347379,5.774668794355028,-5.360906994195772,0,0,0.5844683418304444,-0.8106448147892997,0,0,0,0,1
214,287.23645791410564,1.7477295292878907,-5.150872280791093,0,0,0.6995964271506363,-0.7135865139654674,0,0,0,0,1
215,287.59578443007945,-2.3603261817878063,-4.925964692946352,0,0,0.6811005282108809,-0.7311001604504845,0,0,0,0,1
216,287.6210221715925,-6.393535336435806,-4.707654329290623,0,0,0.7359263253004781,-0.6761722900485625,0,0,0,0,1
217,287.5322294427756,-10.41624055513262,-4.5334256237552895,0,0,0.7176488533480769,-0.695755221750898,0,0,0,0,1
218,287.2416069155593,-14.476204296373313,-4.336743556159223,0,0,0.7370913431129298,-0.6748650302385967,0,0,0,0,1
219,287.12582356352664,-18.507018585963717,-4.163097204278086,0,0,0.7255601023558701,-0.6870163449095249,0,0,0,0,1
220,287.23322421171815,-22.506632596135425,-3.942825428319097,0,0,0.6810439874287922,-0.7311972658232059,0,0,0,0,1
221,287.4398607727306,-26.594371062230557,-3.7349328358149494,0,0,0.6632643049843492,-0.7477636057382605,0,0,0,0,1
222,287.78139418084487,-30.586998765924246,-3.551692276931284,0,0,0.7340387774120354,-0.6780038964302852,0,0,0,0,1
223,287.69790648401886,-34.59690288062064,-3.3586596763852894,0,0,0.7172283663990694,-0.695546687211416,0,0,0,0,1
224,287.40375753062926,-38.600126579141076,-3.17622160963935,0,0,0.8173412776107918,-0.574889695285045,0,0,0,0,1
225,287.1816658738586,-42.75287600347039,-2.9861943277527314,0,0,0.7113853741783791,-0.7018368270581751,0,0,0,0,1
226,287.25127196683064,-46.77035429452756,-2.800847315162717,0,0,0.8169725125082801,-0.5750832663162656,0,0,0,0,1
227,286.3462984001609,-50.8263530698238,-2.6015752331493394,0,0,0.7784868315136771,-0.6267549960193698,0,0,0,0,1
228,285.68444165859216,-54.81887599544915,-2.399731661539426,0,0,0.7173971005059028,-0.6958311769103801,0,0,0,0,1
229,285.83982747355384,-58.82329552831938,-2.201159435622771,0,0,0.7027092274624048,-0.7108426957870057,0,0,0,0,1
230,285.9117041522086,-62.86655134660732,-2.0184196026459373,0,0,0.6897921565476818,-0.7233540189690064,0,0,0,0,1
231,285.9170031852745,-66.87236305300688,-1.8594751834483088,0,0,0.7216286649413259,-0.6896123997564663,0,0,0,0,1
232,285.7501185983415,-70.99517653053911,-1.6012636577167552,0,0,0.616808061224704,-0.7861558186782968,0,0,0,0,1
233,286.1265111987372,-74.9919836628967,-1.4293753448059408,0,0,0.7471305885636436,-0.6639377729840419,0,0,0,0,1
234,285.889722062,-78.99723378469399,-1.1848042146580076,0,0,0.7260350586663997,-0.6863218869506472,0,0,0,0,1
235,285.9859741106557,-83.05305001585995,-0.9791915451476427,0,0,0.6502274096377422,-0.7589965400994794,0,0,0,0,1
236,287.0280560881381,-86.13849029048073,-0.7742193637772982,0,0,0.1446738318773406,-0.9887498087163147,0,0,0,0,1
237,291.01360883602325,-86.5918586187198,-0.7682538092225859,0,0,0.12909231137902974,-0.9903642146517028,0,0,0,0,1
238,295.1085266416607,-86.67748994993839,-0.7455312749095752,0,0,0.03899660817506074,-0.9987070648877439,0,0,0,0,1
239,299.1158455292715,-86.92549914495054,-0.7630273801038018,0,0,-0.07273233425766626,-0.9970770079904605,0,0,0,0,1
240,303.17153747383526,-86.93222938858793,-0.9418442871697252,0,0,0.16143793179602464,-0.9864148109879078,0,0,0,0,1
241,307.1007043169882,-88.03725319595976,-0.7338880007215592,0,0,0.09310505407111863,-0.9951383162243687,0,0,0,0,1
242,311.0741057541293,-88.5398586130828,-0.7252668629501039,0,0,0.22287591967909834,-0.9741772963141263,0,0,0,0,1
243,314.72025875090003,-90.28957214738101,-0.6023412637162272,0,0,0.155037135895349,-0.9874031392807529,0,0,0,0,1
244,317.97274957854484,-92.65324864263724,-0.4974195266789428,0,0,0.4297076064367195,-0.9019053678778414,0,0,0,0,1
245,320.8814050927112,-95.53849827215869,-0.36455937303316654,0,0,0.34077867145757645,-0.9394695870611567,0,0,0,0,1
246,322.9720639149415,-99.06370350471826,-0.1447726148415673,0,0,0.6500827649868784,-0.7586337777619416,0,0,0,0,1
247,323.293417644371,-103.05124835048883,0.05928307631640778,0,0,0.721504751657234,-0.6913653439931192,0,0,0,0,1
248,323.54874905006574,-107.05855269790871,0.3031832192022336,0,0,0.6368765506459763,-0.7699762363223196,0,0,0,0,1
249,323.490614765262,-111.12205789630903,0.5368010949241392,0,0,0.6580368750721265,-0.7518887869372254,0,0,0,0,1
250,323.88535083932345,-115.13518744062834,0.7481207564761302,0,0,0.6448483719572378,-0.7631066416408498,0,0,0,0,1
251,324.440289134049,-119.12412181747632,0.9883485587915638,0,0,0.6919834283434316,-0.7203054080930971,0,0,0,0,1
252,324.7759858571215,-123.15898890840269,1.2645396678146674,0,0,0.6109362885681519,-0.7907871267250715,0,0,0,0,1
253,325.5996727776036,-127.23216570466306,1.4849019311399598,0,0,0.7162844375402412,-0.6966160012271245,0,0,0,0,1
254,326.0367603427434,-131.2318331360228,1.7609720501138595,0,0,0.6667886039872863,-0.7439485120010064,0,0,0,0,1
255,326.37272585292425,-135.254164146984,2.0583563950984427,0,0,0.7864280224444962,-0.6151976464600368,0,0,0,0,1
256,326.39758250387825,-139.41513750058505,2.3021494365954815,0,0,0.5902035489505731,-0.8063311465200577,0,0,0,0,1
257,326.518207281988,-143.47962517042347,2.5448634541812525,0,0,0.7142474793377087,-0.6987199295229052,0,0,0,0,1
258,326.76052027872043,-147.48771961667583,2.7931356955657543,0,0,0.7407549155261514,-0.6704308168851596,0,0,0,0,1
259,326.74423321943897,-151.50005761292687,3.0380103753290757,0,0,0.7029406741983951,-0.7098929175146977,0,0,0,0,1
260,326.6890140946992,-155.5324332399701,3.287406046645755,0,0,0.6883883313248179,-0.724062338775956,0,0,0,0,1
261,326.86717399394956,-159.57820601859646,3.5394354576801077,0,0,0.7198311513121274,-0.6928480720421369,0,0,0,0,1
262,327.3756299783325,-163.61436857927973,3.794426882455077,0,0,0.7156796210570411,-0.6972120288671649,0,0,0,0,1
263,327.3073168054355,-167.72714892812823,4.0533220572509885,0,0,0.7655599485806266,-0.6418514872689558,0,0,0,0,1
264,327.45605404555727,-171.7487409248299,4.305018948356103,0,0,0.7241495049193757,-0.6882758487831736,0,0,0,0,1
265,327.49164730247236,-175.87214903940793,4.568697595844251,0,0,0.6860616309001467,-0.72638683897664,0,0,0,0,1
266,327.72774772286954,-179.9170955418886,4.853765808225803,0,0,0.6295821687806624,-0.7755490952299735,0,0,0,0,1
267,327.79452917209045,-183.94010151325676,5.120591438057565,0,0,0.6046039034070462,-0.7952440880712087,0,0,0,0,1
268,327.8932719142009,-188.02666860238955,5.380780375695629,0,0,0.7194860828060322,-0.6931488493476888,0,0,0,0,1
269,327.8480141715449,-192.04472618177616,5.634556432022195,0,0,0.7316259603751825,-0.6802098635940641,0,0,0,0,1
270,327.9698587218099,-196.04989081822183,5.908789606753285,0,0,0.7743583281739783,-0.6313783745113795,0,0,0,0,1
271,328.0326749005456,-200.0626921921401,6.164425447097823,0,0,0.6823627283694641,-0.7297281652600349,0,0,0,0,1
272,328.51162640602905,-204.09100286203696,6.421279600739041,0,0,0.624991764650922,-0.779383734652565,0,0,0,0,1
273,329.91968617279366,-207.95260646574764,6.666778498455378,0,0,0.5510209839145306,-0.8334216003772331,0,0,0,0,1
274,330.8235935391779,-211.94623167125246,6.9397154419472304,0,0,0.5747376391374776,-0.8173787363736676,0,0,0,0,1
275,331.5476958094211,-215.98041750618162,7.190359939721561,0,0,0.5235609233200099,-0.850802287789531,0,0,0,0,1
276,333.0894745316517,-219.77578285356455,7.428783534035712,0,0,0.5448120679484341,-0.8376499639999361,0,0,0,0,1
277,334.83601758713655,-223.50800510351723,7.696446425307725,0,0,0.4581274683656459,-0.8880241496277252,0,0,0,0,1
278,336.0759123262852,-227.3998299015701,7.962036275651016,0,0,0.569296763731989,-0.8210494424811134,0,0,0,0,1
279,338.07131884129086,-231.0386002185535,8.18004515999106,0,0,0.4880291640082811,-0.8718517293724417,0,0,0,0,1
280,340.1463003907892,-234.61608069986366,8.43985143986029,0,0,0.5637862386688622,-0.8247931188747483,0,0,0,0,1
281,342.1253487266145,-238.10726643704953,8.670421012231023,0,0,0.5289038130716552,-0.8475103983262594,0,0,0,0,1
282,344.57235561517837,-241.33364018378666,8.917539328236675,0,0,0.48757289132313425,-0.8719923913857225,0,0,0,0,1
283,347.5158824045102,-244.0809768807058,9.076882547260045,0,0,0.2661057028234858,-0.9633500661740113,0,0,0,0,1
284,351.57797959427273,-244.48989999818502,9.098488078358338,0,0,-0.030291731311993274,-0.9991538436426592,0,0,0,0,1
285,355.5740766247152,-243.95164157495526,9.049176217570203,0,0,-0.15518754349446243,-0.9873526719546231,0,0,0,0,1
286,359.2128133640697,-241.88359254114914,8.869787409675526,0,0,-0.3069796041219933,-0.9513216038993809,0,0,0,0,1
287,362.882685553554,-240.13234464488704,8.711510314309898,0,0,-0.18998673133491026,-0.9813381495861344,0,0,0,0,1
288,366.4879409629004,-238.24586986305349,8.559720913758925,0,0,-0.17375787169893675,-0.9842941322337371,0,0,0,0,1
289,370.1766150465867,-236.4148122653281,8.40023349233208,0,0,-0.2203047139759418,-0.9750230460796244,0,0,0,0,1
290,373.61049651141224,-234.3047157957357,8.225289941825698,0,0,-0.2778047474948786,-0.9603599208180942,0,0,0,0,1
291,377.29016403649257,-232.58972435002767,8.099937943430135,0,0,-0.17668503151998577,-0.9839167806858041,0,0,0,0,1
292,381.06924469102916,-231.08612136984493,7.956013100261892,0,0,-0.18046686792698782,-0.9831710324684346,0,0,0,0,1
293,384.3853660306154,-228.67786877214573,7.779890567770864,0,0,-0.7225749493203,-0.6909686835059344,0,0,0,0,1
294,383.98422419074905,-228.10456391018735,7.758405340902283,0,0,-0.971849673234631,-0.2333990865021042,0,0,0,0,1
295,383.63777095031264,-227.99788077555965,7.758471044288093,0,0,-0.9991712515725103,0.02052702132350183,0,0,0,0,1
296,380.22467252338,-230.18308428231245,7.907497123590161,0,0,-0.976960032215213,0.20967943354797292,0,0,0,0,1
297,376.6107381177735,-232.07874511570625,8.077201792347394,0,0,-0.9969664524644634,0.06906086313551048,0,0,0,0,1
298,372.8807280326148,-233.668966607537,8.193418872059722,0,0,-0.9856573952915907,0.16502940701920144,0,0,0,0,1
299,369.2581725498013,-235.4982959086758,8.359443711827575,0,0,-0.9895331030932877,0.13952367005971247,0,0,0,0,1
300,365.64769927608876,-237.56964353235145,8.52012710899344,0,0,-0.9701084139562579,0.23950544040037555,0,0,0,0,1
301,362.1247811396453,-239.47116543388034,8.683510767092747,0,0,-0.9576311235225672,0.2849193316915071,0,0,0,0,1
302,358.425148570187,-240.9947680608321,8.813238692286735,0,0,-0.9889485115811901,0.14302030834895932,0,0,0,0,1
303,354.7603840241483,-242.71230113069453,8.980733238506255,0,0,-0.9696441795814564,0.2405122732067559,0,0,0,0,1
304,351.91846256869144,-244.0967432665113,9.129566592970978,0,0,-0.9993565724751694,-0.010452865560195956,0,0,0,0,1
305,349.751550583284,-243.64860864839974,9.118967170179674,0,0,-0.999385523326298,0.0018248963169446486,0,0,0,0,1
306,349.26250885063934,-243.6455682805677,9.09762106193168,0,0,-0.9995367821714602,-0.019717911016097933,0,0,0,0,1
307,345.9125694420187,-241.4494582118382,8.922812915747894,0,0,-0.9430514538857878,-0.33191713476254037,0,0,0,0,1
308,343.48545472804153,-238.21216833087172,8.697384951396982,0,0,-0.8767709523514354,-0.48042820274901293,0,0,0,0,1
309,341.1567896295353,-234.92556286160863,8.47621874563767,0,0,-0.8488271110395703,-0.5282047373695892,0,0,0,0,1
310,338.9970398378945,-231.4420199852729,8.23099559503414,0,0,-0.8610205227627719,-0.5081275978254467,0,0,0,0,1
311,337.6938235911775,-227.5996677757899,8.00693832246688,0,0,-0.8639060254193934,-0.5031052727169891,0,0,0,0,1
312,335.919235792632,-223.88283177913868,7.756205848665156,0,0,-0.7804778127144745,-0.6248567501129835,0,0,0,0,1
313,334.6427744632776,-220.05055062935165,7.493180372227372,0,0,-0.8948781872041816,-0.44587401376922425,0,0,0,0,1
314,332.7787438827406,-216.47598189880122,7.245341994523583,0,0,-0.7451066454753996,-0.6665681145025963,0,0,0,0,1
315,331.625598614924,-212.5749052645583,6.9997977025890785,0,0,-0.7668202058008982,-0.6415034397559153,0,0,0,0,1
316,330.678919686187,-208.6620123912182,6.748220126129594,0,0,-0.8212214388082804,-0.5702016535483723,0,0,0,0,1
317,329.9213320267782,-204.6816035214335,6.4811975482915285,0,0,-0.7428034481047067,-0.6691526720774722,0,0,0,0,1
318,329.092993752158,-200.70624735786436,6.211409500071795,0,0,-0.7580245428216114,-0.6518485705602602,0,0,0,0,1
319,328.94219857314476,-196.69823583190183,5.958484469287536,0,0,-0.6315829208903224,-0.774896800545863,0,0,0,0,1
320,329.18447802658164,-192.55735927694343,5.688706614164661,0,0,-0.7041754232143892,-0.7096765136005947,0,0,0,0,1
321,328.7170848240716,-188.56637929918884,5.422855106307977,0,0,-0.6749061976936354,-0.737574569153211,0,0,0,0,1
322,328.65809143548614,-184.53336208955193,5.158462004653719,0,0,-0.6766126711000587,-0.735868890643454,0,0,0,0,1
323,328.39923791325015,-180.52370766104448,4.898966507753982,0,0,-0.6776431510027089,-0.7350253883210137,0,0,0,0,1
324,328.4074833872875,-176.42051396706577,4.623905646102349,0,0,-0.6914385324481307,-0.7219944179017165,0,0,0,0,1
325,327.9412982503606,-172.37606031208324,4.347540104261364,0,0,-0.6454388410314911,-0.7633732161287416,0,0,0,0,1
326,328.2479184782117,-168.37010183491526,4.099244433389405,0,0,-0.6519196045689467,-0.7580857183150321,0,0,0,0,1
327,327.8342092132594,-164.3829462318976,3.875942428279563,0,0,-0.745619280248888,-0.6660649208395835,0,0,0,0,1
328,327.2639478495493,-160.36549315911154,3.576241292497655,0,0,-0.7102993290808541,-0.7033370668829397,0,0,0,0,1
329,327.5714558167275,-156.37074533134464,3.3529522907242644,0,0,-0.5486936140065007,-0.8356383767531826,0,0,0,0,1
330,327.9953044905581,-152.36777526326674,3.1094950665263013,0,0,-0.6870391236388589,-0.7264692273864001,0,0,0,0,1
331,328.0719258186574,-148.3514065488792,2.859823238453851,0,0,-0.7000440510047826,-0.7138209749820437,0,0,0,0,1
332,327.85991679863906,-144.27648600284206,2.6168330879519526,0,0,-0.7207274706059347,-0.6929481183774707,0,0,0,0,1
333,327.5345814068458,-140.21202139634144,2.333535352223667,0,0,-0.7300647042821343,-0.6830773293559169,0,0,0,0,1
334,327.6628469563671,-136.11785955445015,2.1206182387394588,0,0,-0.7559958246796433,-0.6543771309895977,0,0,0,0,1
335,327.73907112933574,-132.10533657176012,1.839728790233345,0,0,-0.6759023774956185,-0.7365577074891321,0,0,0,0,1
336,327.9764456806971,-128.0902827247579,1.5331529447550152,0,0,-0.6761900887391258,-0.7364002492888744,0,0,0,0,1
337,327.9607909948677,-124.0494436194423,1.2449875553197867,0,0,-0.7141933404529655,-0.6996461399539521,0,0,0,0,1
338,327.59354116693663,-119.92641648547539,0.9995197593388989,0,0,-0.7412898853411152,-0.6708242556403475,0,0,0,0,1
339,327.5995291391409,-115.86563285937633,0.7412785867974259,0,0,-0.6807385276799396,-0.7324403495036294,0,0,0,0,1
340,327.47916324210115,-111.80335301494691,0.5270311991751054,0,0,-0.7224806626258857,-0.6911846811221484,0,0,0,0,1
341,327.3319420450505,-107.7921369604238,0.29925607520921943,0,0,-0.7076859669609383,-0.7061960980580302,0,0,0,0,1
342,327.41833293341244,-103.73643307439012,0.08958474730563265,0,0,-0.6179938260735812,-0.7860665978963381,0,0,0,0,1
343,328.23978248452033,-99.72737924908134,-0.16506341141191302,0,0,-0.5282653863588146,-0.8488833603055509,0,0,0,0,1
344,330.11788047140277,-96.01376647770869,-0.3784270536418301,0,0,-0.37885771990191414,-0.9252045562880169,0,0,0,0,1
345,333.68377378580107,-93.96123249035945,-0.5039601294906174,0,0,-0.20402111999990635,-0.9786157304170016,0,0,0,0,1
346,337.72384377932565,-93.27371540184424,-0.5546620468472824,0,0,-0.10958869719134147,-0.9936467109661866,0,0,0,0,1
347,341.7443682178135,-92.31471926590926,-0.5815089047818395,0,0,-0.00044857153098742426,-0.999686491339136,0,0,0,0,1
348,345.7820163172421,-91.71562703485499,-0.5676802120481462,0,0,0.03034038840338095,-0.9993436844134731,0,0,0,0,1
349,349.68654522158187,-90.60240364165381,-0.6227581534996355,0,0,-0.015931840174946182,-0.9994928048811135,0,0,0,0,1
350,353.8491765921749,-90.70777256067747,-0.6109757588398583,0,0,0.04218583142147471,-0.9989525831355998,0,0,0,0,1
351,357.89192219655155,-90.74436446119985,-0.5893110716951963,0,0,-0.017555339147331643,-0.9996863143468531,0,0,0,0,1
352,361.95781883914304,-90.36823533187874,-0.5949338256132612,0,0,-0.034408801790807464,-0.9991500645931317,0,0,0,0,1
353,365.96221281395174,-90.52665407541049,-0.5559980218813145,0,0,-0.05831788702404895,-0.9979912063509015,0,0,0,0,1
354,370.02313871251397,-90.81829370052625,-0.5023094966974557,0,0,0.07470270627199968,-0.9969377298783307,0,0,0,0,1
355,374.104530465777,-90.55388218278777,-0.4967580687825065,0,0,0.04573703329531222,-0.9986036751057323,0,0,0,0,1
356,378.2076363847329,-90.53265307109412,-0.47982617017488555,0,0,0.08441272753902306,-0.996054649545053,0,0,0,0,1
357,382.2466522851484,-90.47589134278421,-0.43390211270778145,0,0,-0.018779866081281828,-0.9996219427155282,0,0,0,0,1
358,386.2870021270473,-90.5534305691337,-0.3847225937345378,0,0,0.09224506004290792,-0.9953180200798544,0,0,0,0,1
359,390.2915094609518,-91.11577224327898,-0.29973284858834126,0,0,0.046752155429471476,-0.9986114883459445,0,0,0,0,1
360,394.366435177154,-90.67928728230949,-0.23479936272277846,0,0,0.1313348616739208,-0.9909763437108379,0,0,0,0,1
361,398.42130012353397,-90.5127412392196,-0.17813501503684911,0,0,-0.02933318564641795,-0.9990923771625835,0,0,0,0,1
362,402.39752191003953,-91.09284234733887,-0.08463854490433634,0,0,-0.003073644097254478,-0.9992999001433845,0,0,0,0,1
363,406.46810589064836,-90.99787881774913,-0.00040869065175922284,0,0,0.12030842065979873,-0.9918961343443815,0,0,0,0,1
364,410.48614828871223,-90.7056244014784,0.07466193516017432,0,0,0.13084020127980317,-0.9906758176785778,0,0,0,0,1
365,414.54946995365975,-90.72660295442354,0.18915437668806023,0,0,-0.08342764555722723,-0.9956555088927752,0,0,0,0,1
366,418.5736639954247,-90.86755717877921,0.30785808071280063,0,0,-0.15090853876237045,-0.9879919101455321,0,0,0,0,1
367,422.4680204300461,-89.60932435168338,0.32686577905306424,0,0,-0.168746931325895,-0.9849823521471356,0,0,0,0,1
368,425.6707542099554,-87.2025350598928,0.244790162332123,0,0,-0.2971272194643499,-0.9541676277809038,0,0,0,0,1
369,429.13266376920745,-85.15848067949476,0.2192488445765414,0,0,-0.5043087109686182,-0.8629998099054376,0,0,0,0,1
370,430.98740076778637,-81.59216855060214,-0.04794002872137688,0,0,-0.5981441399531754,-0.801210929496985,0,0,0,0,1
371,431.5598472113038,-77.52334352483206,-0.25824714404005344,0,0,-0.793736645083634,-0.6068955868442014,0,0,0,0,1
372,431.71592531912256,-73.50211427779784,-0.5580227553143492,0,0,-0.6928043103565643,-0.7208059440573678,0,0,0,0,1
373,432.3961867239228,-69.50692367536588,-0.7491259275069851,0,0,-0.6685179907125826,-0.7435403316030597,0,0,0,0,1
374,432.3689228978972,-65.4938898626036,-1.0379036176315477,0,0,-0.7286038346138499,-0.6849314846347229,0,0,0,0,1
375,432.80678399715725,-64.65415871715929,-1.0541307574013288,0,0,-0.2870001367715721,-0.9577234174289707,0,0,0,0,1
376,436.7313614808074,-63.70343768882501,-0.993364555640301,0,0,0.04340558205975392,-0.9981505484764616,0,0,0,0,1
377,440.6957228101891,-64.2978724181512,-0.9364697353680019,0,0,0.2072771250704154,-0.977775319478636,0,0,0,0,1
378,444.7255766294723,-64.22115613286117,-0.8650515223023033,0,0,-0.045223153554514894,-0.9985817600361022,0,0,0,0,1
379,448.8253505353635,-64.24165557822208,-0.808090148968622,0,0,-0.07988717749159749,-0.9963578592533513,0,0,0,0,1
380,452.90553924382664,-64.00011642296786,-0.7475168801727147,0,0,-0.026673333972100553,-0.999353636863633,0,0,0,0,1
381,456.9362544520452,-64.00030240085147,-0.6778726916110223,0,0,0.026242803307002086,-0.9989909123279878,0,0,0,0,1
382,461.03207969934596,-63.95952756849873,-0.5669332087010498,0,0,0.07284163455139357,-0.9969386059433265,0,0,0,0,1
383,465.17403401997234,-63.94933181048226,-0.5187265919750128,0,0,0.12978461052487514,-0.9910133895596364,0,0,0,0,1
384,469.2890807867881,-63.78312510643356,-0.4473489297220348,0,0,0.024717801775665977,-0.9991910092839313,0,0,0,0,1
385,473.301753128859,-63.95564000396734,-0.37236776338253164,0,0,0.04914633389552672,-0.9985631794261652,0,0,0,0,1
386,477.31038990299476,-63.62525089438403,-0.3227091057950265,0,0,-0.015310243960270026,-0.999377749052683,0,0,0,0,1
387,481.37605634074396,-63.63149805793563,-0.21904277554726445,0,0,-0.045879844349480274,-0.998720121948702,0,0,0,0,1
388,485.4547972476551,-63.33735706994355,-0.22992219685236817,0,0,-0.16827384276177396,-0.9852855401374404,0,0,0,0,1
389,489.45679553692923,-62.669993867885765,-0.22272373313310062,0,0,0.08764782943405407,-0.9957400973467795,0,0,0,0,1
390,493.5158064763762,-62.74833200205758,-0.18949593272890722,0,0,-0.030909173094318565,-0.9989533783468802,0,0,0,0,1
391,497.5549361418867,-62.97575688325595,-0.1435176411511913,0,0,0.06874314887150912,-0.9971812510880772,0,0,0,0,1
392,501.6196980912206,-63.20456008686638,-0.10360020331048746,0,0,-0.07144613528669876,-0.9970380558033732,0,0,0,0,1
393,505.67193542759856,-63.205194173251705,-0.09791439953373655,0,0,0.01039766968073616,-0.9994176050872957,0,0,0,0,1
394,509.7969850447199,-63.00154584209842,-0.09795317761597089,0,0,-0.048556461156781784,-0.998561695190473,0,0,0,0,1
395,513.8224320768235,-63.186586925886,-0.10992285142170999,0,0,0.13089962162890068,-0.9907218746909521,0,0,0,0,1
396,517.8867988673812,-62.82006554239266,-0.10087387201924987,0,0,-0.16435538743815814,-0.9859531967497189,0,0,0,0,1
397,521.8178942738328,-61.9080591922402,-0.1611150602390761,0,0,0.08124615688407867,-0.9960811576230016,0,0,0,0,1
398,525.8443370823975,-61.77351775247255,-0.15616202792377004,0,0,-0.025788291565126,-0.9991817713618587,0,0,0,0,1
399,530.01286725129,-61.900747299083264,-0.14434995362949563,0,0,0.11797341731420763,-0.9924949230566311,0,0,0,0,1
400,534.0244397692061,-62.022065857529874,-0.14053698350211793,0,0,-0.06965481496479388,-0.997087746048357,0,0,0,0,1
401,538.0945238608211,-61.921648149197175,-0.1540021325817923,0,0,0.08432635116956656,-0.99583204532596,0,0,0,0,1
402,542.1196066470799,-62.09394190755819,-0.12643891385298334,0,0,0.01073151808738717,-0.9995267447344057,0,0,0,0,1
403,546.1627074744829,-62.228265677554674,-0.13230730309668662,0,0,0.04657814097810402,-0.9986083281385877,0,0,0,0,1
404,550.3329047620157,-62.05677269557702,-0.1422708268161791,0,0,-0.021299105853986613,-0.9993826969744831,0,0,0,0,1
405,554.4338112728602,-61.962195301938515,-0.12158267085515655,0,0,-0.06115382904398992,-0.9977966642970536,0,0,0,0,1
406,558.4201429105392,-61.502124788478326,-0.1387235338949306,0,0,-0.0030948700081048124,-0.9994354415413259,0,0,0,0,1
407,562.5299686979839,-61.74586284774819,-0.12406304514714372,0,0,0.0295606979629111,-0.9990038193337715,0,0,0,0,1
408,566.532045174544,-61.85467987110158,-0.14362404784629804,0,0,0.04504165971592604,-0.9985289515193152,0,0,0,0,1
409,570.5788581908209,-61.98620913903735,-0.14475611953432427,0,0,-0.029380676155316494,-0.9992074829558496,0,0,0,0,1
410,574.6515476518917,-61.76644928997428,-0.16104027244020985,0,0,0.0677959655075138,-0.9971926536752115,0,0,0,0,1
411,578.633893633281,-60.98293760988764,-0.22925613967022374,0,0,-0.30090422770236325,-0.9531841683305637,0,0,0,0,1
412,579.859736763837,-57.14944969434168,-0.4865351551604138,0,0,-0.5912375575886847,-0.8060217430595611,0,0,0,0,1
413,580.2303912857844,-53.12387247181047,-0.8208047074202843,0,0,-0.7190745265186222,-0.6945304927668091,0,0,0,0,1
414,579.7903356101918,-49.05363685613059,-1.063358756284641,0,0,-0.7547169902081201,-0.655428013782046,0,0,0,0,1
415,579.3872451721294,-44.95285942640431,-1.3397217701805457,0,0,-0.7816073182371753,-0.6234183360278813,0,0,0,0,1
416,579.4294122523255,-40.84163646577386,-1.6578224074886807,0,0,-0.6846477787390861,-0.7282518181402906,0,0,0,0,1
417,579.9311986586563,-36.86537011208451,-1.9473220913858913,0,0,-0.5876908584466733,-0.8084523008437352,0,0,0,0,1
418,579.8467149322717,-32.73913972003342,-2.2769533591033913,0,0,-0.7264038835571306,-0.6866171690642813,0,0,0,0,1
419,579.0662052046399,-30.93810208106984,-2.4160972518189365,0,0,-0.9725998460597,-0.2277748127155852,0,0,0,0,1
420,578.5438836947043,-30.879044991748597,-2.4278240158000224,0,0,-0.9984035336875816,0.027796705278571397,0,0,0,0,1
421,577.4559238447621,-31.763992188428087,-2.3433548170428624,0,0,-0.8418479627622552,0.5366880335210338,0,0,0,0,1
422,577.51488143519,-35.77870862382997,-2.0317866119112606,0,0,-0.5753705263532244,0.8168752172847953,0,0,0,0,1
423,578.3761416579206,-39.731443821929005,-1.7303004989274635,0,0,-0.7153863572695773,0.6973615770927256,0,0,0,0,1
424,578.6611226498101,-43.73799797845231,-1.458187279190158,0,0,-0.7485633303269082,0.6609688004685015,0,0,0,0,1
425,578.7718318241781,-47.749603441151,-1.1796932941264047,0,0,-0.7367137915705229,0.6746301413928483,0,0,0,0,1
426,578.9476075402072,-51.795425574959154,-0.8761441291587354,0,0,-0.7354781404176186,0.6757842583842776,0,0,0,0,1
427,578.6482595703764,-55.80251364706204,-0.6041794495093452,0,0,-0.7300000485012487,0.681548538590836,0,0,0,0,1
428,578.3041120360604,-59.82649359451239,-0.3271300718299151,0,0,-0.9226716426606587,0.38341321864861055,0,0,0,0,1
429,574.626377110464,-61.56848342361599,-0.17864704275937585,0,0,-0.995985077210144,0.08251388453373046,0,0,0,0,1
430,574.1848983188546,-61.61703906724303,-0.20919663353623677,0,0,-0.9996950001813133,-0.006254125015229337,0,0,0,0,1
431,573.3063306836457,-61.66987029257367,-0.1781332192698281,0,0,-0.9992310697148418,0.0061162500699381405,0,0,0,0,1
432,569.6379416151316,-62.01431459003614,-0.14227584121652986,0,0,-0.9987122272773516,-0.04771805980349243,0,0,0,0,1
433,567.343167012172,-61.602545139413074,-0.17783976402044518,0,0,-0.9991275802889744,0.019398291164755506,0,0,0,0,1
434,566.7417999091559,-61.56945962585653,-0.1499432748180147,0,0,-0.998874816671418,-0.038399389392063235,0,0,0,0,1
435,565.1888821601708,-60.62901666094974,-0.15565819227038957,0,0,-0.9993936946834151,0.013038019615315482,0,0,0,0,1
436,563.6411293275138,-61.12497259753209,-0.16143985960674243,0,0,-0.9995530937450813,-0.0007089560078914021,0,0,0,0,1
437,562.9612426816899,-61.217683055064015,-0.14923459777132844,0,0,-0.9994076629764403,0.01306020326280456,0,0,0,0,1
438,561.230478807291,-61.59827905982658,-0.12758984759064296,0,0,-0.9996515685610149,-0.00806212276042798,0,0,0,0,1
439,559.6530578454135,-61.43306959600605,-0.17128475484028277,0,0,-0.9994699662352512,0.0011111713098435488,0,0,0,0,1
440,556.4376490461005,-62.038316580172,-0.12479382021320452,0,0,-0.9995742218226795,-0.0012168007255767468,0,0,0,0,1
441,555.0494091833108,-61.71764726773244,-0.15219154649778782,0,0,-0.9994186975391672,0.0014283710223842074,0,0,0,0,1
442,553.529096905005,-61.94857419801283,-0.15494860094812962,0,0,-0.9995663389555155,-0.011348382616513171,0,0,0,0,1
443,549.4619634196263,-61.77388722435536,-0.17878388808682372,0,0,-0.9940108243796585,-0.10570529552607275,0,0,0,0,1
444,548.3036947786842,-61.626551771003705,-0.14246923064157008,0,0,-0.9997062981446186,0.005443190968200203,0,0,0,0,1
445,547.5437540137177,-61.75980590808587,-0.16300415554817982,0,0,-0.9995438315094152,-0.010183096837631475,0,0,0,0,1
446,546.04583852633,-61.698372865940904,-0.16099381974884786,0,0,-0.9994751406002614,0.010189397320669378,0,0,0,0,1
447,542.1367153998683,-61.82921071721335,-0.1453769684465534,0,0,-0.9997334939770622,-0.005805525777662272,0,0,0,0,1
448,541.6550081785282,-61.8329176717603,-0.16313736585822508,0,0,-0.9994663741645767,0.006621565795768856,0,0,0,0,1
449,540.3325369881053,-61.9831907157001,-0.13014092106560923,0,0,-0.9994175354114592,-0.002664690372155396,0,0,0,0,1
450,536.5443421342558,-61.43587609368389,-0.16034524594364977,0,0,-0.9993615996988807,0.01226534345267048,0,0,0,0,1
451,535.5320537684845,-61.60403086855543,-0.16154497175428256,0,0,-0.9996199065432335,-0.01005402285758658,0,0,0,0,1
452,535.3225719389,-61.62469128114526,-0.15753610939379897,0,0,-0.9994262823594473,0.013542052011347616,0,0,0,0,1
453,533.0434031557878,-61.87170999254893,-0.15475044264436247,0,0,-0.9996094330595985,-0.003157255977749436,0,0,0,0,1
454,530.8062325562728,-61.831192232071466,-0.16009522995708544,0,0,-0.9994027948849469,0.001243101182085902,0,0,0,0,1
455,530.6134386599274,-61.83773765394185,-0.1536925808928891,0,0,-0.9994552772785332,-0.004402307931861509,0,0,0,0,1
456,526.5402926209746,-61.77532808001137,-0.15014068688989235,0,0,-0.9988189605626271,-0.038348564002614736,0,0,0,0,1
457,524.7635570671165,-61.67593302036003,-0.16306224821823911,0,0,-0.999428833672395,0.006182466198431578,0,0,0,0,1
458,520.7592563950946,-62.42606907381766,-0.09564156687034069,0,0,-0.9948503737292717,0.09687103414401108,0,0,0,0,1
459,519.9784710502926,-62.644712361177994,-0.1583790283864926,0,0,-0.9995273923899876,-0.01018643104663081,0,0,0,0,1
460,518.2769298016445,-62.255951338190755,-0.11335605548051035,0,0,-0.9993704887959235,0.029051773848330454,0,0,0,0,1
461,515.1506240022497,-62.70252880159912,-0.1628098746619295,0,0,-0.9997897615405233,-4.255360954161158e-05,0,0,0,0,1
462,511.6756586668146,-62.73655661898639,-0.1316723862416383,0,0,-0.9993275097052007,0.0027476701564635407,0,0,0,0,1
463,511.533139570052,-62.705534632421845,-0.12134488555114642,0,0,-0.9994582564245369,-0.0031586508381685947,0,0,0,0,1
464,507.5296168766834,-62.63881255720093,-0.14561951053912198,0,0,-0.9991559530164819,-0.028040120151248873,0,0,0,0,1
465,504.55390263864297,-62.63064263296545,-0.13673662681893858,0,0,-0.9992695024311753,0.0004401660438216474,0,0,0,0,1
466,504.40449882797833,-62.628475854991365,-0.13583640713544123,0,0,-0.9993227534695253,-0.0003275735781114034,0,0,0,0,1
467,503.8908621676227,-62.63738714995638,-0.1483672574443647,0,0,-0.9993341018099934,0.0008697948347263573,0,0,0,0,1
468,502.98674038262476,-62.641455392036626,-0.1570311173150284,0,0,-0.9995056120333589,-0.0022539873972894668,0,0,0,0,1
469,502.58873246132265,-62.67525669864447,-0.1417964889442099,0,0,-0.999334372551394,0.006374137295005519,0,0,0,0,1
470,501.7551322500958,-62.671916586278094,-0.12152649284588193,0,0,-0.9994223354266413,-0.005567290494731993,0,0,0,0,1
471,501.4903589436203,-62.69345448546787,-0.13300459128329026,0,0,-0.9993935641545137,0.0008597377015413171,0,0,0,0,1
472,499.9184897519344,-62.95924026395109,-0.15142579088652366,0,0,-0.9997123769274258,-0.003913321229437243,0,0,0,0,1
473,497.5917830111359,-62.3632054585317,-0.18931104556819156,0,0,-0.9991908955347637,0.023449208881261934,0,0,0,0,1
474,496.9139393225374,-62.532263224385595,-0.17916015380668898,0,0,-0.999483682391898,-0.01502056460811245,0,0,0,0,1
475,494.67760570739966,-62.22162715799425,-0.20049020458872044,0,0,-0.9993743360845668,0.00832089705877232,0,0,0,0,1
476,494.0882677166086,-62.368054685121656,-0.1984669891155375,0,0,-0.9993513588005644,-0.011879903297377977,0,0,0,0,1
477,490.85482866622596,-62.1211022198238,-0.2196663539884442,0,0,-0.9992048765293663,0.026508047893134733,0,0,0,0,1
478,486.87565837115125,-62.90678709522425,-0.20578813913977498,0,0,-0.9875093378952068,0.153283698855038,0,0,0,0,1
479,485.2724283733612,-63.36666796775921,-0.22375984850768765,0,0,-0.9996152707137554,-0.005412820382146188,0,0,0,0,1
480,483.69511940425895,-63.11614142624277,-0.27083298217481855,0,0,-0.9993598122759022,0.020095638184770916,0,0,0,0,1
481,482.659706066353,-63.31645234375658,-0.2335782926880882,0,0,-0.999535300704237,-0.013407495257273437,0,0,0,0,1
482,481.69393310458173,-63.284793735822575,-0.23162630010712693,0,0,-0.99922845536336,0.0199548058197635,0,0,0,0,1
483,480.7515918936153,-63.3369755151466,-0.26468426285725905,0,0,-0.9997224775191094,-0.003687855597543581,0,0,0,0,1
484,479.85078236336557,-63.323740277229824,-0.30720953411654267,0,0,-0.9996532675066464,0.005624997049448244,0,0,0,0,1
485,479.04144984121547,-63.39692461067605,-0.2963184748342506,0,0,-0.9997930319440593,-0.0004189801357583234,0,0,0,0,1
486,478.2250368071337,-63.42621464453273,-0.3195178778884506,0,0,-0.999509755422599,0.011655542309971071,0,0,0,0,1
487,476.77077269336615,-63.585502448223885,-0.3347297998950247,0,0,-0.9996871903263007,-0.0021815197511590597,0,0,0,0,1
488,475.1481119233577,-63.58568758471483,-0.349966201662444,0,0,-0.9995166700300734,0.014399129279970863,0,0,0,0,1
489,474.43938392278767,-63.624954521177266,-0.34967906369558677,0,0,-0.9994614856489837,-0.01737842967606172,0,0,0,0,1
490,473.82908199260595,-63.57786027392047,-0.37024347735526064,0,0,-0.999471220225735,0.002798395928314603,0,0,0,0,1
491,473.1773838447978,-63.607561600392735,-0.3996341673261756,0,0,-0.9993232218232571,-0.025306277560883612,0,0,0,0,1
492,472.13481848150997,-63.59820071038617,-0.3895284345175987,0,0,-0.9996121608864382,0.0029361716697248745,0,0,0,0,1
493,471.8935911612305,-63.57627435893245,-0.3988484765111899,0,0,-0.9994760733600521,-0.005631389740368292,0,0,0,0,1
494,467.77552042759595,-63.29713434287417,-0.4797724686949179,0,0,-0.9991912289425775,-0.03489165844380088,0,0,0,0,1
495,463.75798189449324,-63.03513520972594,-0.5931538142582089,0,0,-0.9993465545191207,-0.026106244225903876,0,0,0,0,1
496,463.3670316731643,-63.11258787083429,-0.5827192618694408,0,0,-0.9990643891946647,0.03311721285066332,0,0,0,0,1
497,461.51276329912406,-63.42435078550629,-0.5941858722742516,0,0,-0.9994571361500897,-0.004197890117698587,0,0,0,0,1
498,461.12880131126093,-63.508964296286315,-0.5881570396659922,0,0,-0.9995516786016697,0.018250322846698967,0,0,0,0,1
499,459.6467364571744,-63.689931854012336,-0.6530377944344821,0,0,-0.9997371667046604,-0.0040042890719607675,0,0,0,0,1
500,459.3337167092227,-63.73025984217579,-0.625120959351366,0,0,-0.9994711121747741,0.0020627274136461654,0,0,0,0,1
501,458.0231883204773,-63.89815542416241,-0.6486712925091868,0,0,-0.9995894387536222,-0.003042289219564455,0,0,0,0,1
502,457.7762802125479,-63.874928650869805,-0.6636185819220992,0,0,-0.9994384029091018,0.009469475323867,0,0,0,0,1
503,456.3801143736559,-63.92454463751792,-0.668525463071786,0,0,-0.9996575195302665,-0.003959599184216606,0,0,0,0,1
504,454.7986502732706,-63.91392762749087,-0.6677729939801186,0,0,-0.9993186415145735,0.01217217709544679,0,0,0,0,1
505,453.61067873137245,-63.97600355605054,-0.7369515941987245,0,0,-0.9996411954726854,-0.011319331994069424,0,0,0,0,1
506,453.0194384478743,-64.00197877095704,-0.7939161372340577,0,0,-0.9997513601963645,0.012556111172401154,0,0,0,0,1
507,451.7425123404431,-64.01793136765168,-0.7656417289455233,0,0,-0.9997049145704611,-0.0033694389781146346,0,0,0,0,1
508,451.3837431261746,-64.02166292542682,-0.7532819086025138,0,0,-0.9997409184547535,0.0016964123974427718,0,0,0,0,1
509,449.5859683423829,-64.15691045404404,-0.8332287180493934,0,0,-0.9997893941122206,-0.00170966570643015,0,0,0,0,1
510,447.2625948311677,-63.86193745460392,-0.8609138067730702,0,0,-0.9990199103179698,0.026618493991339903,0,0,0,0,1
511,446.1755617479624,-64.2488753900189,-0.8542603163673274,0,0,-0.9995154083852759,-0.005929724711158965,0,0,0,0,1
512,444.6617684892176,-63.98947977341472,-0.9227027973092645,0,0,-0.9994123675354647,0.024632146686509142,0,0,0,0,1
513,443.5851873760084,-64.10413950733198,-0.9911329708058537,0,0,-0.9997255813254696,-0.006374680017817768,0,0,0,0,1
514,439.52443796540877,-63.96841686944088,-0.9859131746741034,0,0,-0.9990512318869512,-0.029187159756965085,0,0,0,0,1
515,439.099601704881,-63.96694238234998,-1.000691494563566,0,0,-0.999429422359782,0.005243449747715848,0,0,0,0,1
516,438.6885494533847,-63.968837139793834,-0.9873166578819323,0,0,-0.999457869594963,6.091070591926113e-05,0,0,0,0,1
517,435.943620920593,-63.427404808139514,-1.091719706749752,0,0,-0.9992696943331433,0.023222050789529682,0,0,0,0,1
518,432.7037706198885,-65.03381364094886,-1.028454846911729,0,0,-0.8495826162676672,0.5267364159979898,0,0,0,0,1
519,433.2490236831678,-69.0265662637422,-0.7809253948192731,0,0,-0.698263256073259,0.7145928104201155,0,0,0,0,1
520,433.009130259876,-73.04346869773714,-0.5521522213950618,0,0,-0.7069624050400235,0.7060268742671928,0,0,0,0,1
521,432.86160670823597,-74.74993906510717,-0.46597794977533147,0,0,-0.9655160857382893,0.2552782423576206,0,0,0,0,1
522,429.80457822992736,-75.36112048732157,-0.41387877092531106,0,0,-0.9992400934075416,-0.008150400298355504,0,0,0,0,1
523,429.5672001488888,-75.45409298753113,-0.4176115669082388,0,0,-0.9991497899110061,0.003177440022350819,0,0,0,0,1
524,428.0752822768754,-75.72177390827706,-0.43821207981714005,0,0,-0.9995813731890638,-0.002323934740427835,0,0,0,0,1
525,424.1235961616459,-75.01641199467474,-0.579618010157945,0,0,-0.9840130505007161,-0.17350658314597964,0,0,0,0,1
526,423.2903430544094,-75.01241626798263,-0.5517008537771471,0,0,-0.9987876103530534,0.023899924943923925,0,0,0,0,1
527,422.39652715623765,-75.0614107477863,-0.6033418352491753,0,0,-0.9991773649306532,-0.0179774534536042,0,0,0,0,1
528,421.2228046278162,-74.84662787474679,-0.5616501811675133,0,0,-0.9993790931319411,0.011769490096634864,0,0,0,0,1
529,420.37124365904333,-74.90056398300145,-0.598864330921252,0,0,-0.9991599311422471,-0.004921675281781504,0,0,0,0,1
530,419.9806290804809,-75.02179200195393,-0.588289007352196,0,0,-0.9989823977840975,0.005019146583683828,0,0,0,0,1
531,417.5131307574406,-75.99806658831334,-0.5855340277776204,0,0,-0.9994685016496223,-0.009285425532157134,0,0,0,0,1
532,416.312908702097,-75.60771620540253,-0.5881848538187348,0,0,-0.9993448441748464,0.0026144755273358757,0,0,0,0,1
533,415.62037585327874,-75.61206562385746,-0.6313643715492145,0,0,-0.9995498093705085,-0.01527053050999219,0,0,0,0,1
534,414.05181872224347,-75.53226897907321,-0.6625291563209791,0,0,-0.9991480548977002,0.010746566174330176,0,0,0,0,1
535,412.71885950498654,-76.01915147563545,-0.6422668358458491,0,0,-0.9966829305937444,-0.0771839244091599,0,0,0,0,1
536,411.38759497975656,-75.53863628184614,-0.6880917436076489,0,0,-0.9990637690772377,0.01716461538008108,0,0,0,0,1
537,409.8564441106818,-75.7706455271866,-0.6677295242492989,0,0,-0.9991719256047218,-0.016059011471528706,0,0,0,0,1
538,405.8582232241652,-75.62371001233869,-0.7615646425319073,0,0,-0.9989712012098632,-0.01910012497665383,0,0,0,0,1
539,405.6568276391154,-75.62751765032468,-0.7742246965188889,0,0,-0.9990016775514059,0.006801202906651906,0,0,0,0,1
540,403.7035224708811,-76.023884228512,-0.7350273205299764,0,0,-0.9989983893006956,-0.01650140750185736,0,0,0,0,1
541,402.93324182884834,-76.1242491824484,-0.744576544825993,0,0,-0.9990243501387441,0.007975477400406918,0,0,0,0,1
542,400.9343519602849,-76.27325388646132,-0.7763283927819147,0,0,-0.9994629412950039,-0.004934408512545987,0,0,0,0,1
543,399.68979397809755,-76.18948489710958,-0.7787071063006827,0,0,-0.9993660249512666,0.0008173885076477215,0,0,0,0,1
544,397.3314728271251,-76.51509022112394,-0.8120015774983879,0,0,-0.9992993230699436,-0.01088812349799965,0,0,0,0,1
545,394.5510336716353,-76.3715862692519,-0.827271333037601,0,0,-0.9992924698890407,0.005437147060364598,0,0,0,0,1
546,393.6424746242218,-76.46365583935602,-0.8477715984963871,0,0,-0.9993612264859832,-0.0024438057241043414,0,0,0,0,1
547,392.6598361617467,-76.48553913661775,-0.8511091966370029,0,0,-0.9992295324368521,0.003739295210393954,0,0,0,0,1
548,391.13567032187075,-76.58135716600658,-0.8467902392823289,0,0,-0.9995469824272825,-1.3838989329817329e-05,0,0,0,0,1
549,391.01526088054504,-76.58981851363765,-0.8614537441701055,0,0,-0.9994377241124538,0.002163884008486554,0,0,0,0,1
550,390.89400426628083,-76.58875359262372,-0.8539388134480441,0,0,-0.9993543568810177,-0.0026048784246384296,0,0,0,0,1
551,390.73673341212395,-76.59581181687518,-0.8468600359167737,0,0,-0.9993117753609291,0.004370262876443011,0,0,0,0,1
552,386.69423383687024,-77.27372537160481,-0.8646207295828224,0,0,-0.9851504167827136,0.1672019504489853,0,0,0,0,1
553,385.64017976023246,-77.58885040954787,-0.8849472921185952,0,0,-0.9988197012207882,-0.03366042575873367,0,0,0,0,1
554,385.00429765337975,-77.42376780231729,-0.9334409972530325,0,0,-0.9993320121739259,1.0170117820814605e-05,0,0,0,0,1
555,383.2468197095794,-78.02052903836689,-0.8741086587775901,0,0,-0.999278612195969,-0.007184675808031625,0,0,0,0,1
556,379.2415751215459,-77.18191904494525,-0.9837775367148979,0,0,-0.9962963347553134,-0.07832203616335036,0,0,0,0,1
557,377.37822791174943,-77.00842044787505,-1.0135111342898473,0,0,-0.9990915150979855,0.018559781951653535,0,0,0,0,1
558,376.1492899987532,-77.2967292271182,-0.9889368526947078,0,0,-0.9994599027997594,-0.003900719280536028,0,0,0,0,1
559,374.6943557177172,-77.21774374421548,-1.0009320932470502,0,0,-0.9992659291015134,0.019372961626233597,0,0,0,0,1
560,374.09955301623376,-77.19335332157377,-1.0232908549374473,0,0,-0.9989711032495685,-0.02616331372207364,0,0,0,0,1
561,372.7066188738543,-77.03259652911916,-1.0671358905892603,0,0,-0.9991710369433537,0.004762614244082141,0,0,0,0,1
562,371.21419930505203,-77.36327090694712,-1.0441759470922454,0,0,-0.9994528746113258,-0.01140605268788881,0,0,0,0,1
563,367.1372337702033,-77.16296592860465,-1.0855930385889536,0,0,-0.9993843397173641,0.0013910923341940566,0,0,0,0,1
564,365.3460851658716,-77.30879255871258,-1.1058219590627698,0,0,-0.9994329438978254,-0.007500179424880638,0,0,0,0,1
565,364.7349195399519,-77.32331448171577,-1.102150025585795,0,0,-0.9992795133465404,0.003851265563578393,0,0,0,0,1
566,362.35851266525583,-77.48322314960592,-1.118942884620957,0,0,-0.9993987999408236,-2.0496662629631824e-05,0,0,0,0,1
567,360.3982236532313,-77.36399681338523,-1.1408428918871616,0,0,-0.9993299261938545,0.0026455000453059416,0,0,0,0,1
568,359.8239521590673,-77.40215136647569,-1.1642738180769945,0,0,-0.999238143012724,-0.014574704433907387,0,0,0,0,1
569,356.6841555761594,-77.09036458068269,-1.1822354571223297,0,0,-0.9988524814073785,0.023381473635151577,0,0,0,0,1
570,355.06904734523073,-77.41557782584935,-1.186561470346137,0,0,-0.9992236763384011,-0.0090184494358973,0,0,0,0,1
571,351.9958042179317,-77.43841507929493,-1.1965853474710029,0,0,-0.9990756060425835,0.0021363899927650475,0,0,0,0,1
572,351.7622105387055,-77.4610926185894,-1.196759428944567,0,0,-0.999237441492723,-0.0016390084662226204,0,0,0,0,1
573,350.09475241250664,-77.41661338212582,-1.226173987406752,0,0,-0.9993223206942239,0.0008160082884866654,0,0,0,0,1
574,349.97585568984556,-77.41851685972509,-1.2386128923008786,0,0,-0.9992884634251996,-0.0006598645755511829,0,0,0,0,1
575,348.85117566740894,-77.44644198242841,-1.2333588323284757,0,0,-0.9993618942016149,0.005682965644519587,0,0,0,0,1
576,348.55463569313787,-77.45438889644005,-1.25545658920519,0,0,-0.9993720910220448,-0.0013848609335006129,0,0,0,0,1
577,348.03748351961906,-77.46731914939689,-1.2247082933155518,0,0,-0.99931332197291,0.003743451578860385,0,0,0,0,1
578,347.9313852617475,-77.4511662772047,-1.2407339332962326,0,0,-0.999174127119136,-0.0008680221220993969,0,0,0,0,1
579,347.7179040827562,-77.44968660221245,-1.2591513551937437,0,0,-0.9991390632863488,0.004354117806658264,0,0,0,0,1
580,346.68729114216563,-77.59973394907345,-1.244179324196527,0,0,-0.9993604379431972,-0.0007246892669939193,0,0,0,0,1
581,346.2448934210638,-77.57574568030071,-1.2532968482805906,0,0,-0.9992571247586898,0.0009496177341816714,0,0,0,0,1
582,342.22459760861534,-77.77307238015361,-1.264557525142083,0,0,-0.9991400216492855,0.025340304186014538,0,0,0,0,1
583,338.2118213143062,-78.14349535967331,-1.30392824460043,0,0,-0.9994730233476018,0.002492433462245078,0,0,0,0,1
584,334.3057358283833,-78.43871030312054,-1.2962122606452955,0,0,-0.9995741810119199,-0.012294333155109562,0,0,0,0,1
585,333.5003014273412,-78.40484883102158,-1.2878798939977782,0,0,-0.9994513793428605,0.003290434564202719,0,0,0,0,1
586,332.2338084140135,-78.5404240258884,-1.3033360623032688,0,0,-0.9995814293699469,-0.002183072804233781,0,0,0,0,1
587,332.0572560597987,-78.54405546347516,-1.302562456820673,0,0,-0.9994638834137107,0.0019713502681766196,0,0,0,0,1
588,330.8760603164933,-78.61522060041368,-1.301296021572205,0,0,-0.9993298907985847,-0.007530288759577301,0,0,0,0,1
589,329.22276210468084,-78.45809498896041,-1.3346554175048455,0,0,-0.9995641185939573,0.0045513630566852,0,0,0,0,1
590,328.1970632639981,-78.58889931774176,-1.3316780270040436,0,0,-0.9997299810478188,-0.0067243417061965275,0,0,0,0,1
591,326.8207985241392,-78.5062960266752,-1.3674333445210454,0,0,-0.9996670248947549,0.005361371748909576,0,0,0,0,1
592,322.7398228167065,-78.79936457715353,-1.3504682004295283,0,0,-0.9990615749397427,0.03181936507685371,0,0,0,0,1
593,319.8892745206115,-81.67323624109375,-1.1479200969861612,0,0,-0.9043388337257869,0.42485806180615276,0,0,0,0,1
594,316.6308692065178,-83.99373871091267,-0.9939330151535378,0,0,-0.9099821014018227,0.4126785351996354,0,0,0,0,1
595,313.7161803245144,-86.41631354689977,-0.848586216903663,0,0,-0.9992883680080801,-0.02051621587688499,0,0,0,0,1
596,313.27293789288996,-86.42046103821902,-0.844366086106577,0,0,-0.9994666679127912,0.007771776546139354,0,0,0,0,1
597,312.5535778577665,-86.47850984180569,-0.8244726867361416,0,0,-0.9995494654550736,-0.008778391234402647,0,0,0,0,1
598,312.17488066321073,-86.4750377372557,-0.8406096173022943,0,0,-0.9992822197892705,0.007654323503988312,0,0,0,0,1
599,309.8237001782207,-86.8581408432168,-0.8048592755288646,0,0,-0.9995598921360168,1.46746928085586e-05,0,0,0,0,1
600,307.51786727469784,-86.65536710795364,-0.8089386382462957,0,0,-0.9988215241933052,0.011108748568430105,0,0,0,0,1
601,303.5193795452234,-87.18864249075037,-0.8040090372068416,0,0,-0.9988154849203978,0.03772061650275054,0,0,0,0,1
602,303.22075013365117,-87.2515692306074,-0.800261593726512,0,0,-0.9995354682679788,-0.008236208834651131,0,0,0,0,1
603,299.4548128347154,-86.51370282758941,-0.7868030663228633,0,0,-0.9994546462358482,0.008241814719274947,0,0,0,0,1
604,298.167141078078,-86.55316091601914,-0.7618912515127918,0,0,-0.9994008231617635,-0.009938428826099478,0,0,0,0,1
605,297.7641983206084,-86.52991029290423,-0.7430368986020927,0,0,-0.9995072901661353,0.000653496735541053,0,0,0,0,1
606,295.8393017598725,-86.752883835547,-0.7310440408850953,0,0,-0.9995994796746718,-0.000764898174222062,0,0,0,0,1
607,291.719336896695,-86.52342482229339,-0.799125957231296,0,0,-0.9991439506829063,-0.029587417244854117,0,0,0,0,1
608,289.5462005670566,-86.30993191942198,-0.7641318502078146,0,0,-0.8490876543593554,-0.5273671592745898,0,0,0,0,1
609,289.0812566506768,-82.28563312484299,-1.0037090048252415,0,0,-0.7030329080829442,-0.7107008896368644,0,0,0,0,1
610,287.6491311959028,-78.52340092037646,-1.1867549490316582,0,0,-0.69957755070174,-0.7144563457528822,0,0,0,0,1
611,287.77723815880796,-74.50959676719691,-1.398668123319934,0,0,-0.6554462402905135,-0.7551207140907834,0,0,0,0,1
612,287.9846831288258,-70.48484363881352,-1.5792904894950113,0,0,-0.6428957732673894,-0.765824298712192,0,0,0,0,1
613,287.5210592573628,-66.43993328441553,-1.8606224015876296,0,0,-0.7315648222828213,-0.6814296932067635,0,0,0,0,1
614,287.2650172332575,-62.4423521769686,-2.0590317652300385,0,0,-0.5960041961565722,-0.802966949933752,0,0,0,0,1
615,287.30102131943136,-58.39987232743381,-2.225595088987424,0,0,-0.7332689757011551,-0.6797548747167624,0,0,0,0,1
616,286.9977581040922,-54.35391306878634,-2.3863444271480256,0,0,-0.7959951689088156,-0.6049570656032348,0,0,0,0,1
617,286.5546574861325,-50.373867247315204,-2.6169137364425565,0,0,-0.7521785029722701,-0.6585793891392996,0,0,0,0,1
618,287.6966435807887,-46.44993890944753,-2.833872145259154,0,0,-0.5620410139851622,-0.8268671601248808,0,0,0,0,1
619,288.09033352928725,-42.36857073201845,-3.034174806867879,0,0,-0.7246134860570731,-0.6889909802673728,0,0,0,0,1
620,287.82021740674395,-38.34168719516281,-3.2072418856122824,0,0,-0.7131901429105996,-0.7008430830465501,0,0,0,0,1
621,288.068512758214,-34.295537107670995,-3.3988457631551117,0,0,-0.7086802815075797,-0.7053368810081064,0,0,0,0,1
622,287.90683993867214,-30.257385026709464,-3.5453879988285335,0,0,-0.7346958859334455,-0.67832297007223,0,0,0,0,1
623,287.83193856151075,-26.19339489420926,-3.7593821439082857,0,0,-0.7180178795396653,-0.6958163793753069,0,0,0,0,1
624,287.8224789498635,-22.073748894232473,-3.9643038377371553,0,0,-0.7087958157078958,-0.7052159718818719,0,0,0,0,1
625,287.97796435791594,-18.04228050174231,-4.1440056053815155,0,0,-0.6129452322979522,-0.789919329081459,0,0,0,0,1
626,287.8642797679817,-14.004937938863291,-4.36346909979976,0,0,-0.6969013241064862,-0.7170546645054715,0,0,0,0,1
627,287.62346465303534,-9.981760712894799,-4.570266448634249,0,0,-0.7485584729665001,-0.6629607653230192,0,0,0,0,1
628,287.62064651853933,-5.944990194466622,-4.764122118062503,0,0,-0.7030116002971994,-0.7110412488053207,0,0,0,0,1
629,287.6844148327879,-1.894445455671945,-4.947976137776835,0,0,-0.6464701431681757,-0.7626928891321626,0,0,0,0,1
630,287.9781278124935,2.1421451635057074,-5.18040219433933,0,0,-0.6811252797132025,-0.7318449045350893,0,0,0,0,1
631,287.8044688117132,6.224031794042345,-5.330366372434734,0,0,-0.7041438952182272,-0.7095206642876069,0,0,0,0,1
632,287.97761291637426,10.247987120259635,-5.53038621926192,0,0,-0.729493189267788,-0.6836422324687941,0,0,0,0,1
633,287.7105348457589,14.270562946526683,-5.742692858060218,0,0,-0.7390668562202721,-0.6733283682901394,0,0,0,0,1
634,287.8109485724429,18.32164050842266,-5.915017155471318,0,0,-0.6850116425713124,-0.7283189948387963,0,0,0,0,1
635,287.49447663454663,22.44575239357038,-6.0975288119960736,0,0,-0.7066921472008864,-0.7074500760346957,0,0,0,0,1
636,287.05489383509774,26.42731907115832,-6.348351661333553,0,0,-0.77598790377187,-0.6304673903180991,0,0,0,0,1
637,284.7089079646575,29.851415563816246,-6.465630766612246,0,0,-0.8495305933809277,-0.5264251055863121,0,0,0,0,1
638,282.73314585527055,31.13590661990792,-6.4989215225525285,0,0,-0.9991635744604891,-0.024608357845170962,0,0,0,0,1
639,282.62475472582105,31.11848192050266,-6.483056384137107,0,0,-0.9994583248504679,0.0011886849163597723,0,0,0,0,1
640,278.6204380915269,30.543621674942788,-6.449785791857859,0,0,-0.9975450703407608,0.0615680157248526,0,0,0,0,1
641,277.8532148494774,30.482827110264786,-6.425240632366504,0,0,-0.9994850178581753,-0.0035415208984367463,0,0,0,0,1
642,276.82133939366616,30.397411387495403,-6.364839302465042,0,0,-0.9988940990908103,0.013998302598824008,0,0,0,0,1
643,275.3191496307462,30.13869840226637,-6.321048887766087,0,0,-0.9995171981281649,-0.003932781458592516,0,0,0,0,1
644,272.96218135065016,30.490752806817078,-6.33019534747041,0,0,-0.9992383232080521,0.006365126605410665,0,0,0,0,1
645,271.6252966574927,30.42492731872028,-6.28638870932074,0,0,-0.9993784971707278,-0.0029244907503234805,0,0,0,0,1
646,271.11278102801555,30.42053774054192,-6.277601739014564,0,0,-0.9992682710487246,0.008627184806763818,0,0,0,0,1
647,269.426570662914,30.307312217696165,-6.295283901773029,0,0,-0.9994489805991644,6.827302398231155e-05,0,0,0,0,1
648,267.3402989571903,30.27038014418041,-6.219690232675324,0,0,-0.9991197460193231,0.0066664783501684715,0,0,0,0,1
649,266.6649355048073,30.220420314931104,-6.174396323160695,0,0,-0.9993592548829623,-0.002138941160206078,0,0,0,0,1
650,265.12837768319713,30.353585104325283,-6.2092216600229015,0,0,-0.999120924263323,0.004505595253211485,0,0,0,0,1
651,262.99325587927865,29.975867531683797,-6.123867915510825,0,0,-0.9993704891984471,-0.0029830770125364296,0,0,0,0,1
652,261.92882130044114,29.904116983301247,-6.132171083524924,0,0,-0.9991758970017671,0.002997633228990648,0,0,0,0,1
653,260.37246075325953,29.84702324073433,-6.089365331081743,0,0,-0.9994391333009199,-0.003405939600311855,0,0,0,0,1
654,258.4378283873983,30.01915217828694,-6.053444479710605,0,0,-0.9991913356673212,0.010063283436025926,0,0,0,0,1
655,257.68086033346697,30.06469854763705,-6.0196762844578595,0,0,-0.9991289944585288,-0.0025592795093526905,0,0,0,0,1
656,255.72034834525567,30.394682362724687,-6.060544561386046,0,0,-0.9992049670062171,0.011423077867515324,0,0,0,0,1
657,253.65158757761554,29.92167688247448,-6.018074887506248,0,0,-0.9994052445263729,-0.0067743597862410425,0,0,0,0,1
658,249.64523654644077,30.509241706381182,-5.984708821077559,0,0,-0.997040172681624,-0.0680890139727684,0,0,0,0,1
659,248.42624102007622,30.52808513255414,-5.92983089741369,0,0,-0.9991664459978037,0.0030648938584096766,0,0,0,0,1
660,247.38760035801513,30.434499399276103,-5.958006075229676,0,0,-0.9993927673126656,-0.005042754833886441,0,0,0,0,1
661,245.06608883907634,30.535121088763738,-5.918208531021457,0,0,-0.9992756769361654,0.002200006402103147,0,0,0,0,1
662,244.42290517413028,30.5638723311784,-5.940627729913464,0,0,-0.9994255681011973,-0.001215563983783709,0,0,0,0,1
663,240.437864997315,31.316428657548744,-5.885855865719941,0,0,-0.9984377725411444,-0.04421655819296016,0,0,0,0,1
664,238.29072433181528,31.430165711314345,-5.830939982387184,0,0,-0.9989034837262648,0.0077492371369647295,0,0,0,0,1
665,236.800129280049,31.19715762885337,-5.77948608701855,0,0,-0.9990634720121844,-0.015869594040064394,0,0,0,0,1
666,234.36210478311898,31.60268940191269,-5.787487590293723,0,0,-0.9993268917657231,0.008541568498009867,0,0,0,0,1
667,230.37116703729777,30.83544798397957,-5.642421100199012,0,0,-0.9953006674813698,0.09072156155716035,0,0,0,0,1
668,229.84706552864637,30.7643109190693,-5.655717024417805,0,0,-0.9991081288678482,-0.0008545438435727404,0,0,0,0,1
669,228.06809847430188,31.192339210513154,-5.651435758439796,0,0,-0.9990934787289226,0.01741977297984984,0,0,0,0,1
670,224.94281783855527,30.587208923098295,-5.570451107657801,0,0,-0.9994484506110477,-0.003994222830042175,0,0,0,0,1
671,221.88363907898366,30.87701474117605,-5.492352547711059,0,0,-0.9987048945333286,0.02812054270729599,0,0,0,0,1
672,220.58676715180272,30.73646354490115,-5.5316896187282865,0,0,-0.9994235570273966,-0.008661199748933703,0,0,0,0,1
673,217.1259298980979,31.391732006236754,-5.5125391439481515,0,0,-0.9991055344796009,0.02157379386924654,0,0,0,0,1
674,215.9934949591006,31.41078748664302,-5.466577458140956,0,0,-0.999197356819286,-0.00031074404503191467,0,0,0,0,1
675,213.76637206126077,31.439470656302156,-5.434914536311368,0,0,-0.999399351458271,0.005662520032994259,0,0,0,0,1
676,212.93479247237906,31.446283716347246,-5.426505111109279,0,0,-0.9993981317682784,-0.0028908560446128367,0,0,0,0,1
677,209.0958995581978,31.812223117586715,-5.402356025630596,0,0,-0.9992869667692663,0.013428758477741757,0,0,0,0,1
678,207.75778418297926,31.651426151904296,-5.382958035409228,0,0,-0.9995530653073006,0.00013121251002034835,0,0,0,0,1
679,205.35493974777498,31.886382953583336,-5.326124768192444,0,0,-0.9995632304462269,0.008027564718961253,0,0,0,0,1
680,203.6656010485635,31.66462094093668,-5.261354103022288,0,0,-0.9994654033003336,-0.005293244518324237,0,0,0,0,1
681,201.82295907794298,31.779815336421134,-5.229008962399053,0,0,-0.9993618068949226,0.008408599346623497,0,0,0,0,1
682,199.6844698326287,31.3316113159411,-5.178290942238788,0,0,-0.9997073344450176,-0.0013460774209984082,0,0,0,0,1
683,195.60755964013427,31.88841483602066,-5.141708690390236,0,0,-0.9991374462552555,-0.023764661493408296,0,0,0,0,1
684,195.0024739235187,31.94002078487076,-5.146452767390986,0,0,-0.9991367831967344,0.0023236793938312544,0,0,0,0,1
685,192.32620429469839,31.56485530839879,-5.06357860513849,0,0,-0.9990828921539731,-0.025782479602298798,0,0,0,0,1
686,190.37084827057853,31.63743298011085,-5.040879385298155,0,0,-0.9993698755800707,0.002253962587619693,0,0,0,0,1
687,186.46650896506736,30.789017222353877,-4.892740810189294,0,0,-0.9994851779286777,-0.0017614431266522346,0,0,0,0,1
688,186.22462404697094,30.71324424538693,-4.908222770533587,0,0,-0.9994861763231125,0.007123559446954174,0,0,0,0,1
689,183.86643768660105,30.246596537573367,-4.842648255494495,0,0,-0.9991095842376214,-0.0098012553590622,0,0,0,0,1
690,182.62827735939166,30.382880190034808,-4.7917620371641005,0,0,-0.9990186645744656,0.0035347014923812876,0,0,0,0,1
691,182.36139213527042,30.364375198930798,-4.800044890056869,0,0,-0.9993296616215791,-0.002738671946267569,0,0,0,0,1
692,181.83160383723526,30.39981835838448,-4.795775923096347,0,0,-0.9992962047205725,0.006757095787806801,0,0,0,0,1
693,179.3970638249311,29.902082188367988,-4.747308618656519,0,0,-0.9993853900436881,-0.014823648510899784,0,0,0,0,1
694,178.73032146019798,29.89737753233208,-4.732991854742602,0,0,-0.9991672439712675,0.004797980837853774,0,0,0,0,1
695,178.19062993654853,29.830551859000014,-4.708814643333866,0,0,-0.999216646212978,-0.0015030174796602036,0,0,0,0,1
696,177.3727631565688,29.77286154950464,-4.679557849021213,0,0,-0.9993134138860571,0.0023765798719032915,0,0,0,0,1
697,177.08928247712572,29.766934503365153,-4.70087322785233,0,0,-0.9994392309201703,-0.008433234214439618,0,0,0,0,1
698,174.32104061145122,30.27945102478691,-4.666953624429524,0,0,-0.9993239223665965,0.019721577454147862,0,0,0,0,1
699,173.89935072054166,30.37046638063566,-4.680623940340108,0,0,-0.9996680935692104,-0.0006526607079080202,0,0,0,0,1
700,172.020334236665,30.706561610079653,-4.66391943411845,0,0,-0.9991948848355278,0.016269414651540463,0,0,0,0,1
701,170.3962859449946,30.368900568839695,-4.622604508642602,0,0,-0.9995856315685396,-0.005231748405754583,0,0,0,0,1
702,169.22619022338066,30.43345764010014,-4.6010416999508195,0,0,-0.9995498872563428,0.0012458111077864294,0,0,0,0,1
703,166.89801289967173,30.07561593128857,-4.5411603961222085,0,0,-0.9995796419321473,-0.003673580592448277,0,0,0,0,1
704,166.44977969327817,29.922771605024582,-4.502372397984307,0,0,-0.9993519583991167,0.014381107801617872,0,0,0,0,1
705,166.01380959122912,29.766597986443923,-4.474169381255053,0,0,-0.9993333522148369,-0.013339832542753383,0,0,0,0,1
706,164.19237214464792,29.90125588461449,-4.461230449095611,0,0,-0.9991845968864862,0.013267589741404443,0,0,0,0,1
707,163.19225341776286,29.845506359873582,-4.443508518332357,0,0,-0.9990392841421551,-0.02686087735217035,0,0,0,0,1
708,162.2474240737842,30.091986286961664,-4.454588981815119,0,0,-0.9987590739241559,0.01537142018351261,0,0,0,0,1
709,161.75935405498598,30.04835244990307,-4.456208784269725,0,0,-0.9993734169997297,-0.0070486900274303625,0,0,0,0,1
710,159.35536374673873,30.523821445128288,-4.4274529917683925,0,0,-0.9992575173518435,0.01370336984395276,0,0,0,0,1
711,158.34375781545663,30.520668096236545,-4.425456874773953,0,0,-0.9996311965692611,0.00013998480088586352,0,0,0,0,1
712,155.57418981362133,30.419601462489684,-4.391051006724634,0,0,-0.9995184649178356,0.0008296121083619196,0,0,0,0,1
713,155.14355366956727,30.428607210776843,-4.362087700157476,0,0,-0.9992328587969038,-0.0010747916185972514,0,0,0,0,1
714,151.13868854243114,31.109366671518707,-4.300717319127195,0,0,-0.9976390528738811,-0.05993992666340401,0,0,0,0,1
715,147.02692399085828,31.29250708732077,-4.254567750430345,0,0,-0.9990209183042935,-0.0322580188439016,0,0,0,0,1
716,145.8861891683125,31.393661995190737,-4.239382304567811,0,0,-0.9993699054024692,0.002426897725306632,0,0,0,0,1
717,143.1924745778234,31.071148352993692,-4.16461912423675,0,0,-0.9993006658002418,-0.0016964698610807457,0,0,0,0,1
718,141.03203871598512,31.1854956112511,-4.156657901696563,0,0,-0.9994330791868475,0.001115436134169801,0,0,0,0,1
719,138.0530547272583,30.896266548335902,-4.107315771582595,0,0,-0.9994491456563179,-0.0018106958204653974,0,0,0,0,1
720,134.17232258759648,31.928867108822214,-4.065725905692768,0,0,-0.9976621700397358,-0.06206715972751878,0,0,0,0,1
721,131.35218948813483,31.984650120397752,-4.053527781549507,0,0,-0.9991894961364826,0.015249280541634394,0,0,0,0,1
722,127.46900494778194,31.432653366890236,-3.9368913970988864,0,0,-0.9993854669528452,-0.005862140498710941,0,0,0,0,1
723,124.16973767435759,31.871741884204916,-3.8854902102995705,0,0,-0.9993958883210354,0.003944655287765452,0,0,0,0,1
724,123.84962411815653,31.93918169226076,-3.8498680185606404,0,0,-0.9993512706354108,-0.012042101856677465,0,0,0,0,1
725,123.41527291578356,31.845845121866198,-3.859498766862497,0,0,-0.9995257647465823,0.0036401692852231974,0,0,0,0,1
726,123.25777959108815,31.859324148282205,-3.8584115662918848,0,0,-0.9996694295016114,-0.004066635065149282,0,0,0,0,1
727,119.18822416724278,32.01898057633582,-3.809553997587336,0,0,-0.9984526212885217,-0.042111555755640226,0,0,0,0,1
728,116.99863449185425,32.241753392555644,-3.741386010971279,0,0,-0.9993632446897087,0.0022381003017461908,0,0,0,0,1
729,114.3058579451269,31.77435686516872,-3.646439715304193,0,0,-0.9992946401362766,-0.009499034806769467,0,0,0,0,1
730,111.39957149489517,32.16727268151468,-3.5893544216895905,0,0,-0.9990975704315811,0.0013736959105935332,0,0,0,0,1
731,109.74910306562104,32.05963439146525,-3.531341342344402,0,0,-0.9992708067226407,-0.005754346202860233,0,0,0,0,1
732,108.86826791190799,32.04186050951992,-3.4945406818635645,0,0,-0.9990109020194553,0.0029318208603549114,0,0,0,0,1
733,105.16987139841117,30.46351517518862,-3.245430418552598,0,0,-0.9718651466902433,0.23132090929336419,0,0,0,0,1
734,103.20218977760781,26.923424860803905,-3.026435474634656,0,0,-0.77078531675627,0.6355955660489028,0,0,0,0,1
735,102.80273968636338,22.906139770426254,-2.8490691042840113,0,0,-0.8610838678583658,0.5068886210645451,0,0,0,0,1
736,101.73633323492402,18.968655993424115,-2.649423577357965,0,0,-0.800526504385519,0.5983825709420529,0,0,0,0,1
737,101.26523477671643,14.898941991349961,-2.487281917539875,0,0,-0.7248815564701825,0.6880713500511028,0,0,0,0,1
738,100.9174621691362,10.832036873973697,-2.3094621658056314,0,0,-0.7600067884352112,0.6490270387967145,0,0,0,0,1
739,100.81956598240195,6.780385376274309,-2.143790466338441,0,0,-0.7324322549198673,0.6800416608431038,0,0,0,0,1
740,100.97038825051261,2.6958925139021033,-2.0142144841560685,0,0,-0.7115563404084048,0.7019957148070837,0,0,0,0,1
741,100.91330679356992,-1.3875829914971856,-1.8239806302008092,0,0,-0.713646037342789,0.6996875194726297,0,0,0,0,1
742,101.05843652024387,-5.472216770650912,-1.7017508758232387,0,0,-0.6969603912933855,0.7163523026890868,0,0,0,0,1
743,102.14809207544315,-9.355047170999441,-1.5604444995739277,0,0,-0.5383768351033184,0.8419878496792097,0,0,0,0,1
744,102.02372280764703,-13.434830916390073,-1.4288280270198586,0,0,-0.7007789328214407,0.7125635677473298,0,0,0,0,1
745,101.79684783050887,-17.456346315595717,-1.2698117979704653,0,0,-0.7494694798403932,0.6611819229324005,0,0,0,0,1
746,101.38436888687328,-21.44436554234734,-1.1192716172069697,0,0,-0.7273727696491997,0.6856271782038734,0,0,0,0,1
747,101.11300498105898,-25.547848914650462,-0.9775275041949235,0,0,-0.8365826650336753,0.5468985207399726,0,0,0,0,1
748,100.65336775416576,-29.642716292680532,-0.7918384357673829,0,0,-0.6171493976804984,0.7863694560443529,0,0,0,0,1
