label,latitude,longitude,x,y,z,q1,q2,q3,q4,right_is_open,left_is_open,line_is_stop,signal_is_stop,isnot_skipnum,node,utm_x,utm_y
0,36.0820711,140.0810634,3.998393388524266,0.228972208959051,-0.24057557981797273,0,0,0.07667343035084534,0.995551161734079,0,0,0,0,1,-1,421.7264668804602,-103.86108490971212
1,36.0820919,140.08107189999998,6.3942728060196234,-0.21397742025272976,-0.32938496063816164,0,0,-0.450492279428127,0.8926458734862656,0,0,0,0,1,-1,422.49116491135584,-101.54563950104658
2,36.0820939,140.081118,7.4086895798665,-4.159648006888771,-0.4036746419921323,0,0,-0.7405679704453272,0.670868576695869,0,0,0,0,1,-1,426.63852718531024,-101.32300052002213
3,36.0820861,140.08116099999998,7.266671686346958,-8.196653777134754,-0.34179937212139894,0,0,-0.6117327802137369,0.7905422181728049,0,0,0,0,1,-1,430.50699958457085,-102.19129254807399
4,36.0820855,140.0812067,8.03571349249178,-12.22861249639694,-0.3671092956691126,0,0,-0.6236170356997374,0.7813997206146029,0,0,0,0,1,-1,434.6183760683246,-102.25808424253951
5,36.0820821,140.0812517,8.447906948014747,-16.231523080518233,-0.3629649765157464,0,0,-0.6854732779857177,0.7273125113087359,0,0,0,0,1,-1,438.6667774185882,-102.63657051091383
6,36.0820794,140.0812958,8.971771487601298,-20.2156584046454,-0.3953134160969782,0,0,-0.7024247528689349,0.7109863022919236,0,0,0,0,1,-1,442.6342107415396,-102.93713313640417
7,36.082071899999995,140.0813399,8.88609495083137,-24.301582682788418,-0.35842091671091436,0,0,-0.7457878138301819,0.6655355423170891,0,0,0,0,1,-1,446.601644064491,-103.77202931761875
8,36.0820734,140.0813862,9.90415903052715,-28.275433283613296,-0.37189286641343305,0,0,-0.6115810443199001,0.7903402935356685,0,0,0,0,1,-1,450.7669992322673,-103.60505008105943
9,36.0820712,140.0814326,10.434679209691287,-32.330159288169924,-0.36293776585010357,0,0,-0.672999727815007,0.7388181542018744,0,0,0,0,1,-1,454.94135084695444,-103.84995296050272
10,36.082068199999995,140.0814753,11.035288189520895,-36.30480743929379,-0.38718867710704474,0,0,-0.577053400677952,0.816094053148156,0,0,0,0,1,-1,458.7828339054822,-104.1839114336213
11,36.082066499999996,140.08152049999998,11.67111534500324,-40.29385778875234,-0.41538947673305865,0,0,-0.6216610427864379,0.7826796472568219,0,0,0,0,1,-1,462.8492281495677,-104.37315456780846
12,36.082063399999996,140.08156499999998,12.157686700175656,-44.41004228141998,-0.4082114623811717,0,0,-0.7297550503658968,0.6831147667700983,0,0,0,0,1,-1,466.85264726271976,-104.71824498934552
13,36.0820576,140.0816104,12.334163983375817,-48.52538277163063,-0.4048107703028491,0,0,-0.8463149264458246,0.5313085569252333,0,0,0,0,1,-1,470.9370344031839,-105.36389803558194
14,36.0820552,140.0816544,12.849433727512173,-52.50204136703608,-0.41543566572960205,0,0,-0.6447688612145176,0.7637491608665747,0,0,0,0,1,-1,474.8954712792244,-105.63106481344404
15,36.082055,140.0816994,13.75088592173389,-56.4456905514717,-0.4841114838412935,0,0,-0.7157670104759077,0.6977605071516982,0,0,0,0,1,-1,478.9438726294879,-105.65332871186288
16,36.0820493,140.0817438,13.917258508824224,-60.53331267508691,-0.4841334655295736,0,0,-0.7289626312007473,0.684059377675168,0,0,0,0,1,-1,482.938295295729,-106.28784980888989
17,36.0820516,140.08178999999998,14.734915632160355,-64.55413980115578,-0.5596914985032163,0,0,-0.7257707571011304,0.6872081603429557,0,0,0,0,1,-1,487.0946540140375,-106.03181498023719
18,36.0820496,140.0818335,15.186506632154444,-68.57531810515486,-0.6000220921975609,0,0,-0.6393971940707065,0.7683691498963156,0,0,0,0,1,-1,491.0081086529664,-106.25445396205261
19,36.082052499999996,140.081878,15.965039085559983,-72.50048742314313,-0.6804331720931044,0,0,-0.6470895910798683,0.7621091907495358,0,0,0,0,1,-1,495.0115277661185,-105.93162743893441
20,36.0820517,140.0819259,16.30322658315624,-76.52526084082639,-0.729898122718352,0,0,-0.6788495969989653,0.7337522849140594,0,0,0,0,1,-1,499.3208260921402,-106.02068303102779
21,36.0820558,140.0819749,17.12770878091895,-80.60891832357191,-0.8076030798198415,0,0,-0.7246151518051757,0.688574110830327,0,0,0,0,1,-1,503.72908534185274,-105.56427311897852
22,36.0820532,140.08202169999998,17.29664060044335,-84.66999214691907,-0.8838627606806808,0,0,-0.704689576045106,0.7093659686694116,0,0,0,0,1,-1,507.9394227441836,-105.85370379525945
23,36.0820551,140.0820694,17.91943416900564,-88.81555503844913,-0.9460937810991153,0,0,-0.6892213010015973,0.7240509940665495,0,0,0,0,1,-1,512.2307281763834,-105.64219676265346
24,36.0820548,140.0821173,18.19139686217288,-92.89551003799687,-1.0324320409614856,0,0,-0.7556979476283274,0.6542081603943757,0,0,0,0,1,-1,516.5400265024051,-105.67559260949075
25,36.082050599999995,140.08216389999998,18.231597891043908,-96.9237822899044,-1.1030993779357743,0,0,-0.5413297163701655,0.8405765441408205,0,0,0,0,1,-1,520.7323710109141,-106.1431344715404
26,36.082051799999995,140.0822109,18.771822542428527,-100.93510203750377,-1.1767792106151826,0,0,-0.66837753808443,0.7433725402019523,0,0,0,0,1,-1,524.9607013121805,-106.00955108260933
27,36.082052499999996,140.0822559,19.225210730797336,-104.94000704416909,-1.2826575688337585,0,0,-0.6763353181504445,0.7355466329535522,0,0,0,0,1,-1,529.0091026624442,-105.93162743893441
28,36.0820534,140.0823038,19.727867511692416,-108.97184047744364,-1.3641226862972002,0,0,-0.5952243948347594,0.8033296195124623,0,0,0,0,1,-1,533.3184009884658,-105.83143989684064
29,36.082056,140.08235159999998,20.636432329664647,-112.98525729274331,-1.5012880741559251,0,0,-0.645408827312031,0.7633139198770789,0,0,0,0,1,-1,537.6187028650196,-105.54200922055968
30,36.0820536,140.0823976,20.898919305382762,-117.00969556157759,-1.6037572782199314,0,0,-0.6677752280175225,0.7439963671709429,0,0,0,0,1,-1,541.7570686920631,-105.80917599842178
31,36.0820554,140.0824453,21.489020406807303,-120.9924722241015,-1.696378397515354,0,0,-0.7342913084192081,0.6780201670227298,0,0,0,0,1,-1,546.048374121706,-105.60880091502523
32,36.0820574,140.08249039999998,22.067079080503756,-125.00363028735663,-1.8047223192061939,0,0,-0.6888095327371875,0.72433694786514,0,0,0,0,1,-1,550.1057719188805,-105.38616193400078
33,36.0820536,140.082538,22.13396901573022,-129.07866114444622,-1.8949255135428227,0,0,-0.7167071878449555,0.6969487468119981,0,0,0,0,1,-1,554.3880809041694,-105.80917599842178
34,36.0820535,140.08258379999998,22.715967741713204,-133.09844213031442,-1.993084030951357,0,0,-0.5590048802549504,0.8289301515011088,0,0,0,0,1,-1,558.5084538322773,-105.82030794763122
35,36.082057,140.0826318,23.519736053041065,-137.1732443109334,-2.1425869392788988,0,0,-0.6652572161116769,0.7460496370771478,0,0,0,0,1,-1,562.8267486077668,-105.43068973004748
36,36.0820601,140.0826797,24.442012445749313,-141.30764842335248,-2.29069066387943,0,0,-0.6723474673622492,0.739781437585655,0,0,0,0,1,-1,567.1360469337885,-105.08559930851042
37,36.082057899999995,140.0827254,25.152911153210628,-145.25775617777512,-2.432703316822703,0,0,-0.5568996908195051,0.8302391971466669,0,0,0,0,1,-1,571.2474234149854,-105.33050218874467
38,36.0820788,140.08274849999998,27.9264109485826,-146.59714429215703,-2.626152515796505,0,0,-0.044954457632053635,0.998799214414997,0,0,0,0,1,-1,573.3256027741395,-103.00392483086972
39,36.082111499999996,140.0827536,31.961396747141997,-146.3497316219399,-2.89000709957622,0,0,-0.1786797235867525,0.9834635803899983,0,0,0,0,1,-1,573.7844215947225,-99.36377748210307
40,36.0821414,140.0827588,35.94731139437638,-145.84642899548658,-3.120678011660298,0,0,0.10687224537141675,0.9939745469911723,0,0,0,0,1,-1,574.2522368622164,-96.03532470724522
41,36.0821694,140.08276659999999,39.967103609367335,-145.49642960200453,-3.3652466278001856,0,0,0.08523893573674786,0.9959715616773619,0,0,0,0,1,-1,574.9539597621787,-92.91837896499337
42,36.0821956,140.0827653,43.957551617943295,-144.8554382277122,-3.612677111332464,0,0,0.057932868805913036,0.9979624914203172,0,0,0,0,1,-1,574.8370059472229,-90.00180830613809
43,36.082239699999995,140.0827659,48.00484379922902,-144.45848063662993,-3.9083747028334965,0,0,0.03247568162156266,0.9991428402488093,0,0,0,0,1,-1,574.8909846312454,-85.09261876252646
44,36.0822766,140.0827694,52.01830651573835,-144.39897375079235,-4.201351775495249,0,0,0.03490667631543424,0.9988425686801138,0,0,0,0,1,-1,575.2058602910259,-80.98492955171015
45,36.0822952,140.08275319999998,54.48317894730886,-142.44542405351618,-4.324373316103079,0,0,0.54170932360874,0.839169021975391,0,0,0,0,1,-1,573.7484358045219,-78.91438702327885
46,36.0822894,140.0827189,54.37421293390422,-139.974951436944,-4.239753857275003,0,0,0.8941792018222974,0.4445242930962478,0,0,0,0,1,-1,570.6626543325357,-79.56004006951528
47,36.0822864,140.0827134,53.73100362804087,-139.81957463193606,-4.200248663959473,0,0,0.9985027906914045,-0.01925366348806066,0,0,0,0,1,-1,570.1678497217522,-79.8939985418429
48,36.0822802,140.08271689999998,53.1601112331511,-140.303276079187,-4.178682545344416,0,0,0.81416850946082,-0.5795839919875223,0,0,0,0,1,-1,570.4827253815328,-80.584179384917
49,36.082271399999996,140.0827538,52.26426607125522,-143.67258035808342,-4.201549525015997,0,0,0.9947642064415232,-0.08936023849488513,0,0,0,0,1,-1,573.8024144911013,-81.56379090427203
50,36.0822698,140.0827539,52.14373226109222,-143.67553558511574,-4.182546701817851,0,0,0.9963241721600415,0.06606054879315323,0,0,0,0,1,-1,573.8114109380123,-81.74190208924976
51,36.0822676,140.08275419999998,52.242205128755344,-143.65762235042217,-4.187911445794755,0,0,0.998449317962424,-0.009232914125148683,0,0,0,0,1,-1,573.838400278745,-81.98680496869304
52,36.0822572,140.08276659999999,50.39395712509622,-144.3978554419388,-4.072185304982914,0,0,0.9982831421340572,0.004276138100509858,0,0,0,0,1,-1,574.9539597621787,-83.14452767302582
53,36.0822551,140.0827665,50.238046427996345,-144.6717287304487,-4.0467517519420095,0,0,0.9985683849140152,-0.015018876826291437,0,0,0,0,1,-1,574.9449633152677,-83.37829860405063
54,36.0822448,140.0827656,48.319929552179865,-144.68853727747074,-3.9256100788351995,0,0,0.998639321191546,0.006956522446378558,0,0,0,0,1,-1,574.8639952879556,-84.524889359174
55,36.082236,140.08276,46.508493303820146,-144.56490953026506,-3.817520997833712,0,0,0.9990749029138917,-0.008372761661245088,0,0,0,0,1,-1,574.3601942328181,-85.50450087773805
56,36.082224499999995,140.0827602,44.619758276239686,-144.88628641806716,-3.6829524757652634,0,0,0.9985755648286336,0.002295279245210655,0,0,0,0,1,-1,574.3781871266399,-86.78467502258343
57,36.082220899999996,140.08275749999999,43.60120833906522,-144.88507261608362,-3.5889363067679527,0,0,0.9988111833426716,-0.010501067018122248,0,0,0,0,1,-1,574.1352830447037,-87.18542518937657
58,36.082200799999995,140.0827554,40.6672092395449,-145.4605930552872,-3.430112204004452,0,0,0.9992216959472869,0.006466967064150624,0,0,0,0,1,-1,573.9463576493467,-89.42294695436718
59,36.0821943,140.0827539,39.65431301288595,-145.3202892087178,-3.359242986061828,0,0,0.9986809672481815,-0.012041010561517535,0,0,0,0,1,-1,573.8114109380123,-90.14652364427855
60,36.0821897,140.0827498,38.40231860567193,-145.44973277885285,-3.2969800611474596,0,0,0.9987746705742344,0.00970729090049591,0,0,0,0,1,-1,573.4425565916523,-90.65859330158392
61,36.0821768,140.0827496,36.20121072462944,-145.37463626763864,-3.134100112732078,0,0,0.9988334798444998,-0.0016205745082600454,0,0,0,0,1,-1,573.4245636978305,-92.09461473298822
62,36.082160099999996,140.0827452,34.325106662624805,-145.75171888701135,-3.0413076962747025,0,0,0.9982781014316727,0.03625779451275012,0,0,0,0,1,-1,573.0287200107379,-93.95365022960449
63,36.082152199999996,140.08274459999998,33.82766580913486,-145.66507671380754,-2.9655875260991444,0,0,0.9986491916325589,-0.0103207371070965,0,0,0,0,1,-1,572.9747413241583,-94.83307420686575
64,36.082143099999996,140.08274699999998,33.04753713737215,-145.9220496698479,-2.970399257263525,0,0,0.9988151288077822,0.02990933160213589,0,0,0,0,1,-1,573.190656062805,-95.84608157305806
65,36.082138,140.08274699999998,32.7143473652467,-145.8655479404969,-2.9209891580294682,0,0,0.9989128429424766,-0.004224808481323437,0,0,0,0,1,-1,573.190656062805,-96.41381097561953
66,36.0821341,140.08274609999998,32.33815615003504,-145.8570448125923,-2.906505802737636,0,0,0.9989883092539503,0.004552272571309978,0,0,0,0,1,-1,573.1096880354929,-96.84795699004094
67,36.0820162,140.0828086,30.12952797410175,-145.9137050227955,-2.764798682366456,0,0,0.9989040349692472,-0.0013892646016507432,0,0,0,0,1,-1,578.7324676897732,-109.9725249544942
68,36.0820043,140.0827785,26.921700999666648,-146.13959404045994,-2.5683763817293053,0,0,0.9982323003814668,0.02605184099264195,0,0,0,0,1,-1,576.0245370085008,-111.29722689459531
69,36.0820255,140.0827452,24.991979201354045,-144.57797504090738,-2.4086261816002503,0,0,0.8465691979419084,0.5300789579996765,0,0,0,0,1,-1,573.0287200107379,-108.93725368988306
70,36.0820386,140.0826949,24.165673984294806,-140.59051467174092,-2.2677385388755154,0,0,0.7860223099584929,0.6171629641817629,0,0,0,0,1,-1,568.5035069460695,-107.47896836085091
71,36.082053099999996,140.0826461,23.565826453653987,-136.49987054491757,-2.1381924926089764,0,0,0.7241500623895876,0.6883659738681748,0,0,0,0,1,-1,564.1132405927357,-105.86483574446886
72,36.0820636,140.08260099999998,22.96595353616564,-132.39874274795616,-2.0077049095086035,0,0,0.7125741195307506,0.7006448552362796,0,0,0,0,1,-1,560.0558427930042,-104.69598109092668
73,36.0820691,140.0825566,22.109269105391135,-128.470899964607,-1.870991548872134,0,0,0.7031338865891253,0.7102614000420568,0,0,0,0,1,-1,556.0614201293201,-104.08372389152753
74,36.0820801,140.0825112,22.10709253592224,-124.39675652741839,-1.7877107356022226,0,0,0.7702137353956253,0.6369068344905853,0,0,0,0,1,-1,551.977032988856,-102.85920949272924
75,36.0820838,140.08246409999998,21.64438224988166,-120.37903960051628,-1.6889634258018573,0,0,0.7699505141568198,0.6368692116952258,0,0,0,0,1,-1,547.7397062406785,-102.44732737672666
76,36.0820899,140.0824201,21.708564150357276,-116.35914679921413,-1.60993988348073,0,0,0.7364067061522892,0.6753579445515452,0,0,0,0,1,-1,543.7812693671949,-101.76827848286199
77,36.0820898,140.08237499999998,20.9966999881709,-112.29444799365444,-1.5073657235146094,0,0,0.686009533573778,0.7264409426967579,0,0,0,0,1,-1,539.7238715674636,-101.7794104320714
78,36.0820917,140.08232809999998,20.343295103894107,-108.25832859124185,-1.4079786814658093,0,0,0.7827328928861622,0.6212072752497237,0,0,0,0,1,-1,535.5045377156648,-101.56790339946542
79,36.082097999999995,140.0822849,20.214921268935623,-104.12484835581853,-1.3253105255131548,0,0,0.7487291173989237,0.6614216481720855,0,0,0,0,1,-1,531.6180724200256,-100.86659060797288
80,36.0821012,140.0822401,19.48682853114807,-100.12616987888323,-1.234428689398602,0,0,0.8020505030108196,0.5961991818595611,0,0,0,0,1,-1,527.5876639661407,-100.5103682372264
81,36.0820994,140.0821962,18.45150966582828,-96.11284961526268,-1.1070549008760755,0,0,0.735125707822635,0.6768396984752522,0,0,0,0,1,-1,523.6382235370112,-100.710743320623
82,36.0821076,140.0821501,18.374374863731827,-92.07412558823455,-1.0430607235503169,0,0,0.7377869051393328,0.6742019052613872,0,0,0,0,1,-1,519.4908612656137,-99.79792349573349
83,36.0821094,140.0821067,17.372502762234095,-88.16137532065324,-0.9151023532462517,0,0,0.8031836733439792,0.5945638842487551,0,0,0,0,1,-1,515.5864030735955,-99.59754841233692
84,36.0821135,140.0820611,16.735690354708133,-84.11426092651739,-0.8389124496742831,0,0,0.6752411746481891,0.7369195976613688,0,0,0,0,1,-1,511.4840230393096,-99.14113850028765
85,36.0821184,140.0820164,16.235504583999656,-80.08185808512589,-0.7828335936557923,0,0,0.6654218086743773,0.7456674735259132,0,0,0,0,1,-1,507.46261102977877,-98.59567299535404
86,36.0821227,140.0819722,15.649633891659722,-76.0435990346014,-0.700271016373236,0,0,0.7754336705947971,0.6305724678015924,0,0,0,0,1,-1,503.4861812599164,-98.11699918488593
87,36.082126699999996,140.081927,15.243119724841014,-72.01893211267968,-0.6209974514367528,0,0,0.7352605444184166,0.6768914676047837,0,0,0,0,1,-1,499.41978701583105,-97.67172122204609
88,36.0821323,140.08188389999998,14.786368165651504,-68.02148995800509,-0.5923248180695393,0,0,0.6734074267473602,0.7385969228438104,0,0,0,0,1,-1,495.54231816454563,-97.0483320734375
89,36.082134599999996,140.0818372,14.660622196753181,-63.95443553820209,-0.5489283650242001,0,0,0.7294716791034284,0.6833199998830108,0,0,0,0,1,-1,491.34097720912575,-96.79229724478483
90,36.082124799999995,140.0817829,14.19092259228323,-59.95586586458052,-0.509428352913787,0,0,0.7567483530387595,0.6526567707348356,0,0,0,0,1,-1,486.45590624756545,-97.88322825465208
91,36.0821259,140.0817356,13.5286327941748,-55.91298541626694,-0.4493830287741212,0,0,0.7496194917286365,0.6612681114164694,0,0,0,0,1,-1,482.2005866055661,-97.76077681413948
92,36.0821086,140.081686,12.529375398744696,-52.00223687257934,-0.4099537973286976,0,0,0.7346172380645976,0.6778512410150044,0,0,0,0,1,-1,477.73834867183115,-99.68660400522128
93,36.0820991,140.08163399999998,11.89532428960869,-48.005166327081476,-0.36937674935925374,0,0,0.754460526628492,0.6557730839033673,0,0,0,0,1,-1,473.06019599944955,-100.74413916746028
94,36.082098699999996,140.0815879,11.915894589597476,-43.94881820264317,-0.3945021388655922,0,0,0.7440443281439859,0.667457491091167,0,0,0,0,1,-1,468.912833728052,-100.78866696429795
95,36.0820912,140.0815388,10.966658150095114,-39.9693274839118,-0.3708135195637196,0,0,0.7883519663583437,0.6142279760665521,0,0,0,0,1,-1,464.49557803398557,-101.62356314472153
96,36.082087,140.0814923,10.231712245118736,-36.01962908666633,-0.33985303518144777,0,0,0.7257231158022848,0.6873393608657336,0,0,0,0,1,-1,460.31222997238746,-102.09110500598021
97,36.082094399999995,140.0814466,10.802803935442183,-32.02224934633315,-0.4004555152938205,0,0,0.7151190961361084,0.6982726815129549,0,0,0,0,1,-1,456.20085348863364,-101.26734077476603
98,36.0820893,140.0814002,9.844548190974999,-28.07172743169571,-0.3882745489212448,0,0,0.7683080558769247,0.6391796817293597,0,0,0,0,1,-1,452.02650187394653,-101.83507017732751
99,36.0820838,140.0813543,8.769429368317327,-24.209275859002247,-0.33423674798513126,0,0,0.7971731462612942,0.6028756270913221,0,0,0,0,1,-1,447.89713249637083,-102.44732737672666
100,36.0820879,140.0813062,8.706103735388501,-20.14280362602106,-0.350491296661564,0,0,0.7141214005202876,0.6991226816650689,0,0,0,0,1,-1,443.56984127652726,-101.9909174646774
101,36.0820893,140.0812604,8.38424262807569,-16.11610207806392,-0.37220757707585495,0,0,0.7219156346564441,0.6911100528829409,0,0,0,0,1,-1,439.44946834586256,-101.83507017732751
102,36.082091999999996,140.0812144,8.195219606347539,-12.08325693547694,-0.3616435014742352,0,0,0.7339065920274644,0.6782159594947608,0,0,0,0,1,-1,435.31110252137603,-101.53450755262814
103,36.0820928,140.08116909999998,7.662112417642924,-8.109410636703927,-0.37622931412202826,0,0,0.8148578514686289,0.5781384454401857,0,0,0,0,1,-1,431.2357118278228,-101.44545195974378
104,36.082098099999996,140.0811234,7.769058415910352,-4.080555462243171,-0.40016927783443473,0,0,0.726234583640071,0.6869147429669727,0,0,0,0,1,-1,427.12433534662597,-100.85545865876347
105,36.082094399999995,140.0810798,6.759197708356521,-0.3423490668204195,-0.35752769571948545,0,0,0.97322370019588,0.22648449761187459,0,0,0,0,1,-1,423.20188426078596,-101.26734077476603
106,36.0820903,140.08107809999998,6.404512655190256,-0.2521901892638535,-0.3355979409087015,0,0,0.9991658741594602,-0.010486986874240834,0,0,0,0,1,-1,423.0489446530726,-101.7237506868153
107,36.0820783,140.0810785,5.200902693566567,-0.563180146203966,-0.29859557190574854,0,0,0.992608200931444,-0.12079891544995416,0,0,0,0,1,1,423.0849304432732,-103.05958457612583
108,36.0820674,140.0810747,4.29601074495898,-0.6743311752075646,-0.28236811635298326,0,0,0.9998222796170478,0.012852703674627073,0,0,0,0,1,-1,422.74306544020305,-104.2729670257147
109,36.0820623,140.0810728,3.6258235483249983,-0.7176314388224385,-0.25908247873142937,0,0,0.9961381483638213,-0.020847510592198935,0,0,0,0,1,-1,422.572132938668,-104.84069642906715
110,36.0820517,140.0810731,2.6108677904384208,-0.8824003194612123,-0.12597051076742466,0,0,0.9987212920418672,0.005008506475288359,0,0,0,0,1,-1,422.5991222819576,-106.02068303102779
111,36.0820483,140.0810725,2.277092879868097,-0.8757918540969424,-0.11715942328972656,0,0,0.9989389185432005,-0.0035853098492310926,0,0,0,0,1,-1,422.5451435979352,-106.39916930019308
112,36.0820255,140.081072,-0.31748074332429577,-1.2878465663790641,0.04210472657663713,0,0,0.9992726937422001,0.018564796885513053,0,0,0,0,1,-1,422.50016136082365,-108.93725368988306
113,36.0820138,140.08106859999998,-1.7535576093436522,-1.2583111559831301,0.10564203378050818,0,0,0.9992997773961195,-0.007439621179234901,0,0,0,0,1,-1,422.1942821453971,-110.2396917323563
114,36.0820078,140.08106759999998,-2.2856696932156213,-1.2868698409615862,0.11078590714874192,0,0,0.9999311368072392,0.0025795069988658885,0,0,0,0,1,-1,422.1043176711741,-110.90760867701157
115,36.0820037,140.08106659999999,-2.8056557522769787,-1.3221699942577505,0.1863410507022315,0,0,0.9991475471802693,-0.005285351237836491,0,0,0,0,1,-1,422.014353196951,-111.36401858906082
116,36.081993499999996,140.08106859999998,-3.700528529742327,-1.8327428487586246,0.21404091023969363,0,0,0.9986812558593615,0.004652647593689924,0,0,0,0,1,-1,422.1942821453971,-112.49947739576574
117,36.081989199999995,140.081065,-4.314234027289883,-1.336602960782777,0.28489817094556,0,0,0.8505809371525787,0.5240558038754372,0,0,0,0,1,-1,421.8704100387056,-112.97815120623383
118,36.081985599999996,140.0810329,-4.925703018242339,1.3944347626027556,0.3217112516038049,0,0,0.4232327776053356,0.9056148441022758,0,0,0,0,1,-1,418.9825504089874,-113.37890137302699
119,36.0819876,140.0810297,-5.41920634495433,1.7632076522095563,0.34875518521565985,0,0,0.8470766194822642,0.5281615521929901,0,0,0,0,1,-1,418.6946640899395,-113.15626239121157
120,36.081993499999996,140.08098479999998,-5.255620207446338,5.818407322940702,0.34917480615228974,0,0,0.6490347795738617,0.7598437011706669,0,0,0,0,1,-1,414.6552591865869,-112.49947739576574
121,36.0819976,140.0809411,-5.5216503527508936,9.842709861807695,0.3181904087217308,0,0,0.7400562633476663,0.6715077318631951,0,0,0,0,1,-1,410.723811653836,-112.0430674829255
122,36.0819957,140.08089529999998,-6.520905800141693,13.819468429307808,0.38401160370069004,0,0,0.7879626729455799,0.6141628703184877,0,0,0,0,1,-1,406.6034387231713,-112.25457451553149
123,36.0819973,140.0808508,-6.9903222916300845,17.92951008851226,0.40490430162667074,0,0,0.8218228561905685,0.5680648875400773,0,0,0,0,1,-1,402.6000196125762,-112.07646333055375
124,36.0819944,140.0808054,-7.849192785364276,21.840693777975712,0.41986386393759717,0,0,0.7465993418301797,0.6643059644844567,0,0,0,0,1,-1,398.5156324721121,-112.39928985367197
125,36.0819954,140.0807619,-8.552391148177804,25.9096253551881,0.4808383337841947,0,0,0.7233387271016416,0.6897361100851899,0,0,0,0,1,-1,394.602177833183,-112.28797036315974
126,36.0819998,140.0807155,-8.85399474435082,29.982570216887176,0.45489662622451976,0,0,0.693451324291799,0.7197535110004779,0,0,0,0,1,-1,390.42782621849585,-111.79816460348223
127,36.082004,140.0806713,-9.131772852237026,33.998739194984104,0.4664389130614363,0,0,0.8022047051473251,0.5955204361027369,0,0,0,0,1,-1,386.4513964486335,-111.33062274222354
128,36.082000199999996,140.080626,-10.37737792371325,37.92132008620309,0.5475020837862566,0,0,0.7580066434918457,0.6514024448002123,0,0,0,0,1,-1,382.37600575508026,-111.75363680743553
129,36.0820036,140.0805824,-10.782622601081037,41.93396954169198,0.5249033976614945,0,0,0.7371628095653392,0.6744828727384031,0,0,0,0,1,-1,378.4535546692403,-111.37515053827023
130,36.082007399999995,140.0805369,-11.167778415941937,45.929833124500526,0.5296315424205256,0,0,0.7131528423614124,0.6999932565130583,0,0,0,0,1,-1,374.3601710818653,-110.95213647384924
131,36.0820072,140.0804916,-11.952294281839405,49.961125274161674,0.5395737356419885,0,0,0.7435527682368952,0.667754763468938,0,0,0,0,1,-1,370.2847803883121,-110.97440037147709
132,36.0820102,140.080448,-12.284237073071367,54.01530024268469,0.5230623292402933,0,0,0.6808775921659235,0.7316846269467715,0,0,0,0,1,-1,366.3623293024722,-110.64044189914947
133,36.0820118,140.0804028,-12.837915787986326,58.057634313772034,0.5457374021981369,0,0,0.7375038313330649,0.6745823582697928,0,0,0,0,1,-1,362.29593505838676,-110.46233071417171
134,36.0820189,140.080358,-12.89623071130109,62.111726090321845,0.5312474986136932,0,0,0.6770067802433546,0.7351833514485556,0,0,0,0,1,-1,358.26552660194506,-109.67196232900385
135,36.0820224,140.0803137,-13.309312884129609,66.12789445807,0.5059708758894805,0,0,0.6565786543645936,0.7535613684451374,0,0,0,0,1,-1,354.28010038517175,-109.2823441114201
136,36.082021399999995,140.0802677,-14.198404408187265,70.1174609416834,0.5502471904836268,0,0,0.8114131826724955,0.5833454855162754,0,0,0,0,1,-1,350.1417345606852,-109.3936636027233
137,36.0820218,140.0802243,-15.017588496760599,74.14654115330661,0.5735558017574367,0,0,0.7372247748322805,0.6747422312942887,0,0,0,0,1,-1,346.2372763686671,-109.34913580588562
138,36.0820262,140.0801773,-15.25201170804999,78.23146747454238,0.5748870013859531,0,0,0.6800793118831736,0.7324022765913331,0,0,0,0,1,-1,342.0089460699575,-108.85933004620813
139,36.0820313,140.0801327,-15.465399881205178,82.26271460213576,0.5632224288140024,0,0,0.6978503735895198,0.715443354252493,0,0,0,0,1,-1,337.99653050989457,-108.29160064364663
140,36.0820341,140.0800865,-15.926890554042958,86.2966484711873,0.5772292623569681,0,0,0.8034261304551118,0.5941928017128734,0,0,0,0,1,-1,333.84017178902917,-107.97990606894687
141,36.0820322,140.0800428,-16.908997754124673,90.25063143390206,0.6167167239784853,0,0,0.6687449161999123,0.7427620618756877,0,0,0,0,1,-1,329.90872425627833,-108.19141310155285
142,36.0820394,140.079996,-16.862477541040747,94.35311492422844,0.5831175826448992,0,0,0.691397337526105,0.7216223545514788,0,0,0,0,1,-1,325.69838685139064,-107.38991276796655
143,36.082045099999995,140.0799553,-17.0014477192472,98.36820169994267,0.5833108096625422,0,0,0.7427035904696264,0.6687523902992746,0,0,0,0,1,-1,322.03683274130884,-106.75539167093955
144,36.0820413,140.0799077,-18.179307409421273,102.25124884861708,0.622411975407895,0,0,0.6921076128231661,0.7214669784696749,0,0,0,0,1,-1,317.7545237585768,-107.17840573536056
145,36.0820455,140.07986499999998,-18.623600906892797,106.27502126778093,0.6050267907141972,0,0,0.8674758996823219,0.4960319264646583,0,0,0,0,1,-1,313.9130406974921,-106.71086387410189
146,36.082034,140.0798204,-20.336894112666,109.92231238018431,0.7519612545197626,0,0,0.7838765542459142,0.6199920977105994,0,0,0,0,1,-1,309.90062513742913,-107.99103801815629
147,36.082013599999996,140.07978459999998,-23.110485084542603,112.87150546980416,0.9546611536758749,0,0,0.9292087629890028,0.36698199901095097,0,0,0,0,1,-1,306.6798969515515,-110.26195563077513
148,36.081997199999996,140.0797437,-25.781889687781085,115.97769164093052,1.1413063995163646,0,0,0.9067204081431326,0.41953887415841234,0,0,0,0,1,-1,303.00034994764786,-112.08759527976316
149,36.0819845,140.0797034,-27.95709984291599,119.37329416533537,1.3075618904714859,0,0,0.7006870318397224,0.7126627496829104,0,0,0,0,1,-1,299.3747816277667,-113.50135281274864
150,36.0819848,140.07970129999998,-27.896165173338858,119.5114717933176,1.2882160690111293,0,0,0.6984510653445655,0.714910362059964,0,0,0,0,1,1,299.18585622985273,-113.46795696512038
151,36.0819814,140.0796554,-28.644719787976086,123.34856235923719,1.3198206901007499,0,0,0.764387278479292,0.6437818442849845,0,0,0,0,1,-1,295.0564868548341,-113.84644323428567
152,36.0819836,140.0796291,-29.048867488873114,125.71632819656865,1.3490749176840484,0,0,0.6891352955220592,0.7241317189590948,0,0,0,0,1,1,292.69042117663207,-113.60154035405142
153,36.0819869,140.0796147,-29.007689500109304,127.3710671737179,1.3845562991989164,0,0,0.6741386571934476,0.7370674291781494,0,0,0,0,1,-1,291.3949327447523,-113.23418603488652
154,36.0819887,140.0795681,-29.428777184574646,131.52592494706548,1.472464350734821,0,0,0.6353030072490214,0.7715090856174291,0,0,0,0,1,-1,287.20258823368636,-113.03381095148994
155,36.0819948,140.0795241,-29.622319114098318,135.59509691678988,1.5172211913933518,0,0,0.7595845854736094,0.6495571067392834,0,0,0,0,1,-1,283.2441513576458,-112.35476205762527
156,36.0820029,140.07947959999998,-29.219224944841454,139.5600944643571,1.4671665951059023,0,0,0.3149996524363215,0.9489026040877986,0,0,0,0,1,-1,279.24073224449376,-111.4530741819452
157,36.0820383,140.0794778,-25.6963960384772,140.74385636339403,1.2727827029999426,0,0,0.00374349012944792,0.9997426626626776,0,0,0,0,1,1,279.0787961924265,-107.51236420768818
158,36.0820392,140.0794781,-25.355024414644756,140.78789580507316,1.2197905190812155,0,0,0.09175742971037121,0.9956438008162815,0,0,0,0,1,-1,279.10578553315924,-107.41217666638538
159,36.0820754,140.07946339999998,-21.867502848965046,142.77777975652532,1.077383914268467,0,0,0.04302788983967839,0.9989172766210902,0,0,0,0,1,-1,277.7833077579898,-103.38241109924402
160,36.0820754,140.07946339999998,-21.877212869088325,142.77126184923105,1.0776756033657895,0,0,0.04370056737321234,0.9988991073237982,0,0,0,0,1,1,277.7833077579898,-103.38241109924402
161,36.0821122,140.0794685,-17.846527867199185,142.88369352280424,0.8753305884156627,0,0,0.08158017275984376,0.9965666469968727,0,0,0,0,1,-1,278.24212657857277,-99.28585383842811
162,36.0821495,140.079469,-13.778856908434378,143.38281208561557,0.6531179544065032,0,0,0.08169374839590386,0.9963460931740659,0,0,0,0,1,-1,278.28710881568423,-95.13363683156513
163,36.0821859,140.0794697,-9.801291851707017,144.075708927107,0.3629940433138927,0,0,0.04954313292523728,0.9978725944671674,0,0,0,0,1,-1,278.3500839491745,-91.08160736679591
164,36.0822222,140.0794745,-5.743420852236466,144.4420169701093,0.1436703257696831,0,0,-0.05921879546868797,0.998081061897691,0,0,0,0,1,-1,278.7819134264678,-87.04070985123612
165,36.0822572,140.0794821,-1.650657095203757,144.5880575131523,-0.05965411611485899,0,0,0.0926115541016306,0.9954117582851496,0,0,0,0,1,-1,279.4656434326083,-83.14452767302582
166,36.0822947,140.0794788,2.2005118274641715,145.7605527022126,-0.3202540748590664,0,0,0.10587241150875261,0.9942384497292445,0,0,0,0,1,-1,279.1687606666495,-78.97004676853497
167,36.0823306,140.0794813,6.336537685957217,146.1047171567226,-0.53889960229793,0,0,0.010290501567858878,0.9996753846153781,0,0,0,0,1,-1,279.3936718522071,-74.97367704902186
168,36.082364399999996,140.0794893,10.341506474399912,146.1170385675366,-0.8028961576980699,0,0,-0.12897164618594548,0.9914148471140755,0,0,0,0,1,-1,280.11338764854816,-71.21107826053358
169,36.0823981,140.0794963,14.347981306813134,146.04267506203925,-1.0224413494286426,0,0,-0.031776272870160924,0.9993322625637928,0,0,0,0,1,-1,280.7431389681093,-67.45961142046374
170,36.0824324,140.0795016,18.45272341384809,146.42697448562296,-1.2324322357332018,0,0,-0.05669981894161842,0.9982328542092817,0,0,0,0,1,-1,281.219950682514,-63.64135288592838
171,36.0824652,140.0795104,22.47405325626701,146.2526834597878,-1.4683603318119616,0,0,0.0559462155342898,0.9982605652856202,0,0,0,0,1,-1,282.0116380592563,-59.99007358795232
172,36.0825017,140.0795156,26.555486027091128,146.50315489336742,-1.6887369377895733,0,0,0.05918846941870722,0.9980391806531392,0,0,0,0,1,-1,282.4794533267502,-55.92691217397369
173,36.0825375,140.0795157,30.511537296379526,147.15645097314035,-1.8778947938550434,0,0,0.06321802790520774,0.9978551154762189,0,0,0,0,1,-1,282.4884497736611,-51.94167440366999
174,36.0825744,140.0795193,34.50827322541793,147.57297318793437,-2.1239394236290527,0,0,-0.0601183916960359,0.9980472958957036,0,0,0,0,1,-1,282.8123218803526,-47.833985193644665
175,36.082612,140.07952079999998,38.48852079844578,148.09492729899162,-2.335505170183367,0,0,-0.023495838368896238,0.999606656378143,0,0,0,0,1,-1,282.9472685916871,-43.6483723399444
176,36.0826473,140.07952559999998,42.48203112201925,148.50304003043973,-2.5285986285406605,0,0,0.08386114988909624,0.9963670568020657,0,0,0,0,1,-1,283.37909806898034,-39.71879431489682
177,36.0826855,140.0795267,46.52541038784145,149.00671250293294,-2.7406951630872105,0,0,0.1241268783494932,0.9920830986333519,0,0,0,0,1,-1,283.47805899267127,-35.46638976673103
178,36.0827241,140.07953179999998,50.645580290231194,149.3264970129366,-2.970603488718439,0,0,0.0019649041025513185,0.9998324616695474,0,0,0,0,1,-1,283.93687781069724,-31.169457421727568
179,36.0827606,140.0795399,54.71271499478654,149.26772960815228,-3.209190463902811,0,0,0.003360412071891154,0.9997990418833279,0,0,0,0,1,-1,284.66559005394924,-27.106296007748934
180,36.0827968,140.0795436,58.78849128194373,149.63110629785857,-3.434564134236555,0,0,0.027686642252340587,0.9994252583714012,0,0,0,0,1,-1,284.99845861010857,-23.076530441398553
181,36.0828347,140.07954809999998,62.80100069860598,149.96838817858358,-3.621156203714883,0,0,0.18125113562579973,0.9830583691804173,0,0,0,0,1,-1,285.40329874411213,-18.857521740070037
182,36.082871,140.0795511,66.79464732065978,150.38349540012425,-3.8169236890152938,0,0,-0.01820571726796593,0.9996767094641777,0,0,0,0,1,-1,285.6731921693381,-14.816624224510237
183,36.0829083,140.0795556,70.83439855823036,150.77517833700645,-4.029446554932029,0,0,0.08930199265287464,0.9958107245969855,0,0,0,0,1,-1,286.07803230334173,-10.664407217647247
184,36.0829436,140.0795556,74.77886287632879,151.45900235647906,-4.22892284023692,0,0,0.07013262468688646,0.9974400331738266,0,0,0,0,1,-1,286.07803230334173,-6.7348291925996655
185,36.0829807,140.0795566,78.8007736313999,152.21165124339538,-4.414426789271059,0,0,0.03942332803222109,0.9991120924179828,0,0,0,0,1,-1,286.1679967775647,-2.604876084155508
186,36.0830169,140.0795492,82.59438414547353,153.66193256365673,-4.608211512962221,0,0,0.3038144255709103,0.9522519547913867,0,0,0,0,1,-1,285.502259667803,1.4248894821948754
187,36.0830471,140.0795248,85.47656298781116,156.52572815287377,-4.6902261833024035,0,0,0.6231966063229272,0.7810130824251754,0,0,0,0,1,-1,283.30712649113616,4.786738104680972
188,36.0830596,140.07948199999998,86.01090808530412,160.568508148051,-4.655589676511526,0,0,0.7562641426970687,0.6531616450041051,0,0,0,0,1,-1,279.4566469831404,6.1782317392475985
189,36.083068,140.0794364,86.24583961441941,164.61750740538676,-4.6159734455499715,0,0,0.5867131755460643,0.8089773638180648,0,0,0,0,1,-1,275.35426694885444,7.1133154617649605
190,36.0830953,140.0794084,88.77660608062114,167.7259687908905,-4.775030166031127,0,0,0.6178555097818118,0.785624380165911,0,0,0,0,1,-1,272.8352616654961,10.152337560341872
191,36.0830993,140.07936189999998,88.46522543709344,171.79833393010352,-4.68788887988794,0,0,0.7377654612521461,0.6742357612906807,0,0,0,0,1,-1,268.65191360134105,10.597615523972692
192,36.0831045,140.0793199,88.31711514397341,175.8501490011229,-4.592810320396646,0,0,0.5968347640404735,0.8013835064634439,0,0,0,0,1,-1,264.87340567630355,11.176476875743592
193,36.0831096,140.0792742,88.15399122297381,179.88325468535058,-4.535251859707098,0,0,0.707012219631062,0.7060827485761766,0,0,0,0,1,-1,260.76202919254973,11.744206279096048
194,36.0831109,140.0792308,87.42018181647843,183.87877696654132,-4.4406329470069625,0,0,0.8255526323115413,0.5630538357243238,0,0,0,0,1,-1,256.85757100308854,11.888921617236518
195,36.0831113,140.0791841,86.76985702385336,187.90107296499738,-4.329923085128158,0,0,0.6617196045790003,0.748755442548845,0,0,0,0,1,-1,252.6562300451117,11.93344941328321
196,36.083114699999996,140.0791386,86.38795105507656,191.98374572439158,-4.265475947525592,0,0,0.8043286667937513,0.5923802837406544,0,0,0,0,1,-1,248.5628464577366,12.311935681657532
197,36.0831223,140.0790939,86.5714265936099,196.0474462363018,-4.22438575689162,0,0,0.7695816665034028,0.6373603378332752,0,0,0,0,1,-1,244.54143445076275,13.157963812081507
198,36.0831243,140.07905169999998,86.02341368996728,200.01066766725347,-4.139479137249762,0,0,0.7754107693947621,0.6301495718396202,0,0,0,0,1,-1,240.7449336267895,13.380602793896918
199,36.0831264,140.0790046,85.68262101900218,204.062672656584,-4.0537716976924045,0,0,0.7133817798762884,0.6997300995617325,0,0,0,0,1,-1,236.507606881169,13.614373724130772
200,36.0831229,140.078959,84.71684389568463,208.03008574951733,-3.9281567271963787,0,0,0.8778237002223828,0.47718049785277755,0,0,0,0,1,-1,232.40522684688304,13.224755506547034
201,36.0831219,140.07891429999998,83.84210919122657,211.98851109756376,-3.8055532026297523,0,0,0.7390025465083561,0.6722299369274071,0,0,0,0,1,-1,228.38381483735225,13.113436016034813
202,36.08313,140.0788711,84.12455184725034,216.01761311773777,-3.75986504047772,0,0,0.6859302706551799,0.7264988937426082,0,0,0,0,1,-1,224.49734954171288,14.015123890923928
203,36.0831375,140.0788255,84.28361809771438,220.1073043803668,-3.709667267462229,0,0,0.6819134868718054,0.7297842385872825,0,0,0,0,1,-1,220.39496950742696,14.850020072138484
204,36.0831397,140.0787806,83.80516054794245,224.13302964786286,-3.5963269611195967,0,0,0.8106633247241299,0.5834487592969516,0,0,0,0,1,-1,216.3555646040743,15.094922951581756
205,36.0831405,140.0787353,83.34724944387361,228.1980816148089,-3.4992995479935862,0,0,0.740258052425728,0.6713618495377023,0,0,0,0,1,-1,212.28017391307802,15.183978544466116
206,36.0831496,140.078691,83.7727830138038,232.2493114599602,-3.502718485170963,0,0,0.6294845840482888,0.7764707313469831,0,0,0,0,1,-1,208.29474769374778,16.19698591065842
207,36.0831599,140.0786467,84.34340534665903,236.26395768399362,-3.4344832766115507,0,0,0.3793560571655288,0.924781302194884,0,0,0,0,1,-1,204.30932147697456,17.343576665781775
208,36.0831647,140.0786382,84.53184846270423,237.17756586845599,-3.4368612739454774,0,0,0.808257807886911,0.5874927408122164,0,0,0,0,1,-1,203.54462344352197,17.87791022150598
209,36.083153599999996,140.0786076,82.86734257242965,239.6352873918211,-3.28702027285515,0,0,0.7365391307466995,0.6752852409242741,0,0,0,0,1,1,200.7917105251382,16.642263873498266
210,36.0831559,140.078595,82.92898221670407,240.8949730166234,-3.2490904724503653,0,0,0.6737449985120226,0.737429288541368,0,0,0,0,1,-1,199.6581581478826,16.89829870294193
211,36.0831587,140.0785489,82.6847060977017,244.90164548979803,-3.2219675710851674,0,0,0.5959377298964732,0.8023068253856218,0,0,0,0,1,-1,195.5107958739282,17.209993276850724
212,36.083161,140.078505,82.42433771048186,248.92368007042967,-3.1089427204146847,0,0,0.6144148402736994,0.7880069658735901,0,0,0,0,1,-1,191.56135544735554,17.466028105503412
213,36.0831643,140.0784611,82.1777033354083,252.9659385815507,-3.006158394492643,0,0,0.6643562743098204,0.7466395476927918,0,0,0,0,1,-1,187.6119150182259,17.833382425459288
214,36.0831684,140.078417,81.99402563931912,257.0367026078087,-2.941815908574559,0,0,0.702145502682971,0.7105732507012381,0,0,0,0,1,-1,183.64448169527446,18.289792337508555
215,36.0831738,140.0783712,81.91989835264738,261.10298597972115,-2.8677789083963643,0,0,0.7141517680032845,0.6987488902310497,0,0,0,0,1,-1,179.52410876460974,18.890917587698283
216,36.0831756,140.0783276,81.54203692639959,265.1241381864719,-2.7668842378463805,0,0,0.6752013103570416,0.7367072695048922,0,0,0,0,1,-1,175.6016576787698,19.091292671094862
217,36.0831751,140.0782821,80.88471724782572,269.0764427833567,-2.6434004327539458,0,0,0.7028904923129752,0.710097664922696,0,0,0,0,1,-1,171.50827409139475,19.035632925838755
218,36.0831764,140.078237,80.5825866169962,273.1279189264528,-2.5447757235771293,0,0,0.7238620778918158,0.6884061212629247,0,0,0,0,1,-1,167.45087629422028,19.180348263979223
219,36.083178,140.0781891,80.1372355604244,277.22110188293107,-2.44204563743331,0,0,0.6862418134622781,0.7265160024517994,0,0,0,0,1,-1,163.1415779681986,19.358459448956967
220,36.0831814,140.07814679999998,79.96726168206794,281.2411086559462,-2.3450949217858903,0,0,0.6695951933259757,0.7415819108478653,0,0,0,0,1,-1,159.3360806973144,19.73694571812226
221,36.0831905,140.0781006,80.42610090258997,285.297818378146,-2.2956855973053383,0,0,0.6860472553391587,0.7260938407911219,0,0,0,0,1,-1,155.17972197900605,20.749953084314566
222,36.0831947,140.0780577,80.28286568277979,289.3684556954307,-2.2223485917599994,0,0,0.7046010608378234,0.7087420541472806,0,0,0,0,1,-1,151.32024602409942,21.217494945573247
223,36.0831953,140.07801229999998,79.74859604446566,293.3781042927207,-2.1064183510787733,0,0,0.7661041254587769,0.6411190316076151,0,0,0,0,1,-1,147.2358588836353,21.284286640038772
224,36.0832033,140.07796829999998,80.07702099431532,297.4545540926937,-2.0544372615086375,0,0,0.7809778654990503,0.6230005497997007,0,0,0,0,1,-1,143.27742200759477,22.17484256650944
225,36.0832061,140.0779222,79.85986121575344,301.48581010905195,-1.9548284798303728,0,0,0.7646902029694478,0.6428240507535904,0,0,0,0,1,-1,139.1300597361973,22.48653714041824
226,36.0832075,140.0778776,79.4731844885711,305.5226291566475,-1.8249691317138539,0,0,0.7519437070421477,0.6574293997573172,0,0,0,0,1,-1,135.11764417613435,22.64238442776812
227,36.0832118,140.0778334,79.41141083589675,309.5386810350632,-1.734689923385634,0,0,0.7368114498274322,0.6740487096052844,0,0,0,0,1,-1,131.14121440627196,23.121058238236216
228,36.0832067,140.0777885,78.40216965176003,313.4135476127415,-1.598764529404587,0,0,0.7754072865455588,0.6296295648399124,0,0,0,0,1,-1,127.10180950291934,22.55332883488376
229,36.0832015,140.0777494,77.31442440642448,316.5694441381009,-1.4526726661083416,0,0,0.7265213051220513,0.6857473713194139,0,0,0,0,1,1,123.58419855108299,21.97446748311286
230,36.083202,140.0777412,77.32305370092607,317.3332152972602,-1.4393387506199307,0,0,0.6768732736440265,0.7352310442917124,0,0,0,0,1,-1,122.84648986092007,22.030127228368972
231,36.0832027,140.07769629999999,76.74255069243624,321.4744443020616,-1.3030255717951769,0,0,0.7328742312623497,0.6783192948133031,0,0,0,0,1,-1,118.80708495756744,22.108050872043915
232,36.083199,140.0776503,75.64810768057507,325.3830027444719,-1.078414594584777,0,0,0.7659467772169057,0.6408954046432785,0,0,0,0,1,-1,114.6687191330809,21.696168756041345
233,36.0831917,140.0776062,74.37356351153198,329.2077636844351,-0.8507903172129136,0,0,0.6524357261973415,0.7562381457030934,0,0,0,0,1,-1,110.70128581012946,20.883536473245616
234,36.0831916,140.0775602,73.80284306614865,333.1933265467339,-0.6527628149706972,0,0,0.6686350923875913,0.7419898151975642,0,0,0,0,1,-1,106.56291998564288,20.8724045240362
235,36.083189399999995,140.0775349,73.0715122052074,335.5835781658634,-0.4813882287077313,0,0,0.9534933523104091,0.2959540327558092,0,0,0,0,1,-1,104.28681878166388,20.627501643801956
236,36.0831556,140.0775231,69.11926020766337,336.2114871028184,-0.19616963728453582,0,0,0.998848308155275,-0.013780244359900691,0,0,0,0,1,-1,103.22523798480951,16.864902855313677
237,36.0831466,140.0775243,68.2333833237781,336.10810220148744,-0.1593877382176367,0,0,0.9986072720787991,0.016268012634611775,0,0,0,0,1,-1,103.33319535285435,15.86302743833079
238,36.083112899999996,140.0775074,64.3069440736349,337.2468034013196,0.1424830805753262,0,0,0.99303332328507,0.10670870766658441,0,0,0,0,1,-1,101.81279573541704,12.111560598260954
239,36.0831059,140.0775054,63.39683974660576,337.29345547238563,0.18211142850959072,0,0,0.9988663140953253,-0.003901443783495102,0,0,0,0,1,-1,101.632866786971,11.332324163093476
240,36.0830927,140.0775055,62.058892672491275,337.16085636580044,0.2784063056907631,0,0,0.9973473117375358,0.05706455525680655,0,0,0,0,1,-1,101.6418632338819,9.86290688485191
241,36.0830765,140.0774964,59.92720789035182,337.66405431518774,0.40196252006372235,0,0,0.9988370002424574,-0.007924493524353607,0,0,0,0,1,-1,100.82318651640689,8.059531133491738
242,36.0830633,140.0774973,58.80801381379008,337.74421096226064,0.47493760652850053,0,0,0.9990824702964918,0.00832561763786864,0,0,0,0,1,-1,100.904154543719,6.59011385525017
243,36.0830544,140.0774947,57.46548370515985,337.4185323625757,0.5472706285095137,0,0,0.9990642414230417,-0.016366379863726018,0,0,0,0,1,-1,100.6702469086936,5.599370387476699
244,36.0830395,140.0774975,56.01844206925202,337.4220368020816,0.6205814892648431,0,0,0.9986169689473109,0.01571129458388409,0,0,0,0,1,-1,100.92214743754083,3.9407099742569964
245,36.083031,140.07749429999998,54.944429046049684,337.34588268284307,0.6913045189789253,0,0,0.9990262909175798,-0.00429885042894492,0,0,0,0,1,-1,100.634261118493,2.9944943025302186
246,36.0830212,140.07749429999998,53.89338567900039,337.2481991063021,0.7485531790175951,0,0,0.9986544734501659,0.008249273870858139,0,0,0,0,1,-1,100.634261118493,1.9035632926629724
247,36.0830086,140.0774899,52.47405279358896,337.3844935760595,0.8212741770130613,0,0,0.9986495276074528,-0.027210994370560068,0,0,0,0,1,-1,100.23841743140034,0.50093770888693
248,36.0829958,140.0774921,50.95722643390345,337.1946853981014,0.902863665547627,0,0,0.9991969582125215,0.011158855902519494,0,0,0,0,1,-1,100.43633927622514,-0.9239517733079453
249,36.0829885,140.0774903,50.14231894863525,337.1634179739158,0.9622261662783776,0,0,0.9989868830727151,-0.01304820252356398,0,0,0,0,1,-1,100.27440322160093,-1.7365840561036716
250,36.0829733,140.07749189999998,48.501793430013066,336.8488933575553,1.0685927034890443,0,0,0.9987113428491803,0.021403480920544993,0,0,0,0,1,-1,100.41834637984637,-3.4286403161606507
251,36.0829601,140.0774883,47.03093840123318,336.8413567116191,1.142218705426986,0,0,0.9991090408876829,-0.013495167140327276,0,0,0,0,1,-1,100.09447427315489,-4.898057594402219
252,36.0829521,140.0774882,46.05287633866319,336.81640266727936,1.1823210086241274,0,0,0.999048905872353,0.005191004961962622,0,0,0,0,1,-1,100.08547782624399,-5.788613520872888
253,36.0829309,140.07748329999998,43.840868826947066,336.91947571858225,1.3210120916751757,0,0,0.9990688229796748,-7.744123090963997e-05,0,0,0,0,1,-1,99.64465189948288,-8.148586725585124
254,36.082923,140.0774827,42.84419187402404,336.8598699504018,1.3714910663704967,0,0,0.9991449391234022,0.005885408083587822,0,0,0,0,1,-1,99.59067321546046,-9.028010702846377
255,36.0829023,140.0774775,40.5956838276438,337.0393747150233,1.5164776197801353,0,0,0.9988995217884671,-0.01645939825660724,0,0,0,0,1,-1,99.1228579479666,-11.332324162302504
256,36.0828902,140.0774779,39.176905125404815,336.918740362527,1.597832310150731,0,0,0.9989500488802714,0.01397755787089128,0,0,0,0,1,-1,99.15884373816719,-12.679290000822437
257,36.0828827,140.0774769,38.39535269499124,336.84005079267644,1.6195003387019928,0,0,0.9990245480255316,-0.008373184002792017,0,0,0,0,1,-1,99.06887926394417,-13.514186182036998
258,36.082862999999996,140.0774801,36.205177001509966,336.3327615516328,1.7544971290806601,0,0,0.9990018045508283,0.0124204663099893,0,0,0,0,1,-1,99.356765582992,-15.707180150980905
259,36.0828469,140.0774751,34.33452056426891,336.5257088281133,1.879134325396016,0,0,0.9987568870705994,-0.021306417026021863,0,0,0,0,1,-1,98.90694320931996,-17.49942395234069
260,36.0828342,140.07747559999999,32.99853653841254,336.2927341015048,1.9389671055138085,0,0,0.9984568016344535,0.03474399604880865,0,0,0,0,1,-1,98.95192544643147,-18.913181485326145
261,36.082825199999995,140.0774724,31.86169135502672,336.3511741259406,1.9918123897269304,0,0,0.9984592820602117,-0.0328627025838985,0,0,0,0,1,-1,98.66403912994059,-19.915056903100005
262,36.082810599999995,140.0774749,30.230318043523347,336.0673030687185,2.0706244169440633,0,0,0.9986717989342702,0.017597994766231216,0,0,0,0,1,-1,98.88895031549814,-21.54032146869146
263,36.082803399999996,140.077473,29.45863772401455,335.8517235887436,2.124847183272012,0,0,0.999180933993998,-0.009378272524491025,0,0,0,0,1,-1,98.71801781396302,-22.341821802277767
264,36.082784499999995,140.0774755,27.447068031815057,335.58129680324373,2.231203296675948,0,0,0.998951898712593,0.013022790513134404,0,0,0,0,1,-1,98.94292899952055,-24.445760178337316
265,36.0827755,140.0774725,26.421587504697765,335.4430709070265,2.278276152254615,0,0,0.9988047926045246,-0.02227897030499478,0,0,0,0,1,-1,98.6730355768515,-25.447635595320207
266,36.0827659,140.07747279999998,25.38085485576915,335.3066268678825,2.3389561893236936,0,0,0.9988553700180766,0.005689180493906579,0,0,0,0,1,-1,98.70002491758424,-26.51630270676862
267,36.082753499999995,140.0774674,23.821950888804988,335.5078073803807,2.440721959685781,0,0,0.9990495634571289,-0.005931182496068612,0,0,0,0,1,-1,98.21421675626857,-27.8966643929168
268,36.0827399,140.0774681,22.359151369870833,335.3925038951046,2.52073584572757,0,0,0.998940448590714,0.007836917138174585,0,0,0,0,1,-1,98.27719188975885,-29.41060946720506
269,36.082727,140.077464,20.908342766530794,335.3720191113873,2.5959678083863493,0,0,0.9993652690591361,-0.0004782991250015487,0,0,0,0,1,-1,97.90833754339891,-30.84663089860936
270,36.0826898,140.0774659,16.890664384877674,334.6621537503552,2.7962790568344116,0,0,0.9908410353785907,-0.12874222839690383,0,0,0,0,1,-1,98.07927004493403,-34.98771595626293
271,36.082676,140.07746699999998,15.322531028398876,334.3823820238602,2.881149330391841,0,0,0.9984563496788162,0.03536806030359132,0,0,0,0,1,-1,98.17823096606797,-36.523924928970025
272,36.0826633,140.07746269999998,13.942005108259767,334.46507748855794,2.9850874527472344,0,0,0.9986703418459323,-0.03304848484309182,0,0,0,0,1,-1,97.79138372588622,-37.93768246195548
273,36.0826455,140.0774647,12.04185823827195,334.16024698455186,3.071540900660076,0,0,0.9993187938064727,0.006128331685021961,0,0,0,0,1,-1,97.9713126768892,-39.9191693982934
274,36.0826378,140.0774633,11.164310530742885,334.11721230038734,3.1140080064694,0,0,0.9993632263092144,-0.0032124708171887336,0,0,0,0,1,-1,97.84536241246559,-40.77632947713582
275,36.082636099999995,140.077463,11.058072532060953,334.1094094084874,3.1198002082661374,0,0,0.9991624486872913,0.0006417329628305053,0,0,0,0,1,-1,97.8183730691759,-40.96557261211395
276,36.082636099999995,140.077463,11.05821814760008,334.1088767202074,3.1178979679740726,0,0,0.999214377603876,-0.00047577075784079086,0,0,0,0,1,-1,97.8183730691759,-40.96557261211395
277,36.082635499999995,140.07746319999998,11.050571613027865,334.07159813696836,3.1230229060378267,0,0,0.8504062598233665,-0.5253509776657264,0,0,0,0,1,-1,97.83636596299772,-41.032364306579474
278,36.082634999999996,140.0774633,11.080455159527265,334.16709868048576,3.1202359879006614,0,0,0.7582336329436056,-0.6515386388015697,0,0,0,0,1,1,97.84536241246559,-41.08802405183559
