label,latitude,longitude,x,y,z,q1,q2,q3,q4,right_is_open,left_is_open,line_is_stop,signal_is_stop,isnot_skipnum,node,utm_x,utm_y,x_rotated,y_rotated,error_before,error_after
6,36.0829415,140.0766762,26.7110338627112,-7.31517032275664,-0.665440812662438,0,0,-0.009779238102516,0.999946368384252,2,2,0,0,0,-1,27.0343245704972,-6.96860012362449,26.7110338627112,-7.31517032275664,3.41787771412403,0.473949137215458
7,36.0829399,140.0767235,30.8192294867639,-7.60159033490462,-0.751596729265519,0,0,0.022382770042926,0.999738497742232,2,2,0,0,0,-1,31.2896442124964,-7.14671130860224,30.8192294867639,-7.60159033490462,3.85980586896877,0.654373702677439
8,36.082936,140.0767686,34.8335085510293,-8.05820867465985,-0.847162617725705,0,0,0.011687558940312,0.999930733331983,2,2,0,0,0,-1,35.3470420096709,-7.58085732302364,34.8335085510293,-8.05820867465985,4.39054657997938,0.701128323528106
9,36.0829352,140.0768149,38.8885567463026,-8.20265339229711,-0.935439651595653,0,0,-0.095190497363995,0.995420978538654,2,2,0,0,0,-1,39.5123971774471,-7.66991291511703,38.8885567463026,-8.20265339229711,4.88735719946676,0.820359250302352
10,36.0829293,140.0768603,42.882586822918,-8.9034314228318,-1.01846627321341,0,0,0.03974080137343,0.999205329371791,2,2,0,0,0,-1,43.5967843179113,-8.32669791135384,42.882586822918,-8.9034314228318,5.39762693871619,0.917986712930199
11,36.0829271,140.0769037,46.9010486898651,-9.1719684415261,-1.09872042385401,0,0,0.035677508586329,0.99936264904409,2,2,0,0,0,-1,47.5012425099294,-8.57160079079711,46.9010486898651,-9.1719684415261,5.93132055717385,0.848925166127896
12,36.082925,140.0769505,50.9739536484584,-9.39226483532229,-1.1977835986086,0,0,0.032318136691872,0.999473359865764,2,2,0,0,0,-1,51.7115799122602,-8.80537172182194,50.9739536484584,-9.39226483532229,6.50268165740912,0.942621892236906
13,36.0829301,140.0769661,52.4648302973796,-8.61080789891264,-1.24120525157804,0,0,0.542190704471164,0.84019603864731,2,2,0,0,0,-1,53.1150257147418,-8.23764231846948,52.4648302973796,-8.61080789891264,6.91346736357283,0.749671015303536
14,36.0829668,140.076981,53.681783576182,-4.71195475773341,-1.26841359896418,0,0,0.633309917865453,0.773744039952558,2,2,0,0,0,-1,54.4554963837331,-4.15221700607202,53.681783576182,-4.71195475773341,6.8863501666849,0.95495437545655
15,36.083003,140.0769802,53.6456389510356,-0.562880953547574,-1.2757973231357,0,0,0.726763749169791,0.686833337235346,2,2,0,0,0,-1,54.3835248033319,-0.122451439721635,53.6456389510356,-0.562880953547574,7.02987622607065,0.859333280903284
16,36.0830404,140.0769809,53.7569875779936,3.52177220512947,-1.28643647890069,0,0,0.797044453625247,0.603720586063585,2,2,0,0,0,-1,54.4464999368222,4.04089751635077,53.7569875779936,3.52177220512947,7.03409661098615,0.86308654359106
17,36.0830754,140.076974,53.138470980316,7.50392421817162,-1.28244395857311,0,0,0.730123984254124,0.683047779751959,2,2,0,0,0,-1,53.8257450641719,7.9370796937701,53.138470980316,7.50392421817162,7.14714982527968,0.812384965629547
18,36.0831117,140.0769722,52.9015195524497,11.5185843940896,-1.30281305356695,0,0,0.707668751415764,0.706210723793584,2,2,0,0,0,-1,53.6638090095477,11.9779772093299,52.9015195524497,11.5185843940896,7.27583814666012,0.890015154419998
19,36.0831489,140.0769741,53.1674041220137,15.6150054909486,-1.34278998811852,0,0,0.734706357445045,0.677700862540694,2,2,0,0,0,-1,53.8347415110829,16.1190622669835,53.1674041220137,15.6150054909486,7.43017051951626,0.836308809182616
20,36.0831833,140.0769569,51.7797525530057,19.4177178072331,-1.27856575042813,0,0,0.844355351976651,0.534553561101647,2,2,0,0,0,-1,52.2873525503559,19.9484527507283,51.7797525530057,19.4177178072331,7.37169093633056,0.734395899741301
21,36.0832219,140.0769488,51.3888671847718,23.4182016068951,-1.3243398331851,0,0,0.691973583447081,0.721654360315117,2,2,0,0,0,-1,51.5586403071039,24.2453850949407,51.3888671847718,23.4182016068951,7.14809466368944,0.844426098579228
22,36.0832573,140.0769547,52.0845069101758,27.3670136917952,-1.53150012362335,0,0,0.677877571174295,0.734563991145734,2,2,0,0,0,-1,52.089430705531,28.1860950691977,52.0845069101758,27.3670136917952,7.41736338084998,0.819096176629031
23,36.083295,140.0769595,52.516585877482,31.3539231660543,-1.66061544844557,0,0,0.784321783412,0.619111917178131,2,2,0,0,0,-1,52.5212601828243,32.3828398721074,52.516585877482,31.3539231660543,7.60022598678464,1.02892732353924
24,36.0833348,140.0769617,52.7628757058835,35.4114318948497,-1.81674860583581,0,0,0.709213801813767,0.704638928856208,2,2,0,0,0,-1,52.7191820276491,36.813355605251,52.7628757058835,35.4114318948497,7.65750745729791,1.40260444434732
25,36.0833729,140.0769665,53.1659693631098,39.4431691679446,-2.04414330791224,0,0,0.719751064331307,0.693850375442214,2,2,0,0,0,-1,53.1510115049424,41.0546282049983,53.1659693631098,39.4431691679446,7.94577180782397,1.61152845634914
26,36.08341,140.0769719,53.488225972454,43.4690921124288,-2.24524513443257,0,0,0.700396678554915,0.713383126915978,2,2,0,0,0,-1,53.6368196662581,45.1845813134425,53.488225972454,43.4690921124288,8.43322023397056,1.72191268205825
27,36.0834423,140.0769852,54.2263020126039,47.4549242494698,-2.47273109874786,0,0,0.686542362902202,0.726721497372987,2,2,0,0,0,-1,54.8333471770039,48.7802008661624,54.2263020126039,47.4549242494698,9.51350328776041,1.457690619567
28,36.0834752,140.0770005,54.507376695133,51.5320406014118,-2.7385900486896,0,0,0.752994663680419,0.657233788624068,2,2,0,0,0,-1,56.2098036361958,52.4426121125569,54.507376695133,51.5320406014118,11.111151135298,1.93064703313826
29,36.0835089,140.0770046,54.2867775138365,55.5948648122257,-2.98522659500872,0,0,0.752346065378168,0.657878411932838,2,2,0,0,0,-1,56.5786579799988,56.1940789526268,54.2867775138365,55.5948648122257,12.2095883674617,2.36891824621136
30,36.0835364,140.0770244,54.5782263629913,59.6099492821678,-3.19835083365498,0,0,0.711259216504058,0.702357508973925,2,2,0,0,0,-1,58.3599545757512,59.2553649496225,54.5782263629913,59.6099492821678,14.4550017015557,3.79831519546114
31,36.0835646,140.0770442,55.0308849407123,63.7498423088215,-3.47487440364703,0,0,0.695755111559209,0.717584630838799,2,2,0,0,0,-1,60.1412511689466,62.3945745895022,55.0308849407123,63.7498423088215,16.6133692266665,5.2870212386283
32,36.0835933,140.0770373,55.5590611611765,67.7280064150314,-3.69947321616924,0,0,0.701583247371843,0.712193485847825,2,2,0,0,0,-1,59.5204962962964,65.589443975429,55.5590611611765,67.7280064150314,16.5357415169857,4.50182381239438
33,36.0836211,140.077044,55.9489119444638,71.783762482074,-3.93147405342704,0,0,0.721733014118311,0.691471612066809,2,2,0,0,0,-1,60.1232582751248,68.684125819262,55.9489119444638,71.783762482074,17.7238398796213,5.19931867938019
34,36.083644,140.0770698,56.3510309074769,75.7756898351864,-4.1616306245275,0,0,0.672930317191076,0.739309505145407,2,2,0,0,0,-1,62.4443417162153,71.2333421589524,56.3510309074769,75.7756898351864,20.58742797918,7.60008940892646
35,36.0836693,140.0770827,56.8633120937891,79.7736257040605,-4.41244015122289,0,0,0.73740579502943,0.674714745108829,2,2,0,0,0,-1,63.6048834367606,74.0497252757139,56.8633120937891,79.7736257040605,22.2663493610142,8.84374469814684
36,36.0837068,140.0770487,57.1535476624229,83.8014219010678,-4.63694857213582,0,0,0.695637116514834,0.717919955969007,2,2,0,0,0,-1,60.5460913055072,78.2242061809957,57.1535476624229,83.8014219010678,19.9509079693061,6.52799261323503
37,36.0837745,140.0769771,56.9198323308664,87.6275687935674,-4.86606406529605,0,0,0.963716176516233,0.264324196509851,2,2,0,0,0,-1,54.1046349337519,85.7605357071817,56.9198323308664,87.6275687935674,13.1758384701944,3.37803921386052
38,36.0837794,140.0769731,56.4108423149265,87.862098906383,-4.85374166882371,0,0,0.998981554841795,-0.011314967617016,2,2,0,0,0,-1,53.7447770368599,86.3060012121153,56.4108423149265,87.862098906383,13.0553692886803,3.08696357299822
39,36.0837804,140.076969,56.0590454585713,87.839300203008,-4.85601886106828,0,0,0.999380593694532,0.006934951014908,2,2,0,0,0,-1,53.3759226904999,86.4173207026276,56.0590454585713,87.839300203008,12.9198367837381,3.03663851784255
40,36.0837921,140.076933,52.0263665346058,88.5090762102334,-4.78798932238728,0,0,0.994611481020322,0.095733364945581,2,2,0,0,0,-1,50.1372016108005,87.7197587451008,52.0263665346058,88.5090762102334,12.8877631680344,2.0474291611921
41,36.083803,140.0769074,49.1912729136659,89.4377969263695,-4.74943276021338,0,0,0.999058974401195,-0.008212232072901,2,2,0,0,0,-1,47.8341110635318,88.9331411946897,49.1912729136659,89.4377969263695,13.0722968992143,1.44795224195299
42,36.0838039,140.0768915,47.8903343418156,89.447042969015,-4.71190023375866,0,0,0.999082855436173,0.016529105042043,2,2,0,0,0,-1,46.4036759203175,89.0333287367834,47.8903343418156,89.447042969015,12.818597732715,1.54315026104469
43,36.0838095,140.0768734,46.0958254199728,89.8949306028619,-4.6767573524204,0,0,0.998523800662663,-0.031864717842849,2,2,0,0,0,-1,44.7753189322784,89.656717885392,46.0958254199728,89.8949306028619,12.808064008708,1.34182065970356
44,36.0838104,140.0768619,44.9520219519413,89.8880152008802,-4.66881654634526,0,0,0.999317239530921,0.009346956900283,2,2,0,0,0,-1,43.7407274761567,89.7569054266948,44.9520219519413,89.8880152008802,12.7804236960476,1.21836943492242
45,36.0838159,140.0768403,42.8291061552249,90.2477045534097,-4.63017594437744,0,0,0.999030569435034,-0.005404688527481,2,2,0,0,0,-1,41.7974948283371,90.369162626094,42.8291061552249,90.2477045534097,12.7492203715124,1.03873672948601
46,36.0838068,140.0768177,40.7232330212973,88.9087502550321,-4.47783855163616,0,0,0.858398843703926,-0.510626537017484,2,2,0,0,0,-1,39.7642977062944,89.3561552599017,40.7232330212973,88.9087502550321,12.4066775492033,1.05817209221469
47,36.0837913,140.076791,38.2835981043485,86.8977655796271,-4.26314264501346,0,0,0.999130464333192,-0.000878171496913,2,2,0,0,0,-1,37.3622462378918,87.6307031530074,38.2835981043485,86.8977655796271,11.961984659771,1.17732185416555
48,36.0837913,140.076791,38.2169140599605,86.9146081235049,-4.26721373656102,0,0,0.999013006971918,0.02084825186425,2,2,0,0,0,-1,37.3622462378918,87.6307031530074,38.2169140599605,86.9146081235049,12.0293315955731,1.1150108418118
49,36.0837951,140.0767716,36.5048228090593,87.324171674463,-4.25172251418929,0,0,0.998811420213244,-0.002066773053318,2,2,0,0,0,-1,35.6169354348969,88.0537172174284,36.5048228090593,87.324171674463,11.9604253820253,1.14916521373461
50,36.0837953,140.0767633,35.6255521935001,87.2806642051029,-4.21114176967206,0,0,0.998927093464756,0.004612492942044,2,2,0,0,0,-1,34.8702302952661,88.0759811158473,35.6255521935001,87.2806642051029,12.0217343506328,1.09683187338255
51,36.0837982,140.0767453,33.9334469067073,87.6322004956516,-4.19219029721941,0,0,0.998862775596428,-0.00203536105458,2,2,0,0,0,-1,33.2508697566949,88.3988076389655,33.9334469067073,87.6322004956516,12.068606023607,1.02644925734253
52,36.0837993,140.0767154,31.0981365741311,87.7645041611548,-4.14089573053066,0,0,0.998789589907775,0.012328927124022,2,2,0,0,0,-1,30.5609319692445,88.5212590786871,31.0981365741311,87.7645041611548,12.1108702409731,0.928044607074848
53,36.0838034,140.076686,28.4976347337222,88.1112140013098,-4.09463880046036,0,0,0.99886933879419,-0.011469405491627,2,2,0,0,0,-1,27.9159764214625,88.9776689915273,28.4976347337222,88.1112140013098,11.9943845285304,1.04358547435925
54,36.0838042,140.076656,25.770235178276,88.2065843740356,-4.0289807656778,0,0,0.998978639082805,-0.000773807802963,2,2,0,0,0,-1,25.2170421871011,89.0667245836207,25.770235178276,88.2065843740356,11.9473490422097,1.0226747604347
55,36.0838055,140.0766453,24.6300871144706,88.3941230549707,-4.0234051006928,0,0,0.998665034396451,-0.008709254760716,2,2,0,0,0,-1,24.2544223113807,89.2114399217612,24.6300871144706,88.3941230549707,12.120555602321,0.899517039872404
56,36.0838063,140.0766364,24.0071614146535,88.4690101683446,-3.99237826378876,0,0,0.998855365746597,-0.000483454258291,2,2,0,0,0,-1,23.4537384877275,89.3004955146455,24.0071614146535,88.4690101683446,11.9348695870768,0.998821714401734
57,36.0838072,140.0766267,23.0887047190665,88.5730467318918,-3.96659373646836,0,0,0.998787416798631,-0.006126608195745,2,2,0,0,0,-1,22.5810830862301,89.4006830559484,23.0887047190665,88.5730467318918,11.9696665263617,0.970907620230414
58,36.0838075,140.0766248,22.7817545259052,88.601150441187,-3.94906225310249,0,0,0.998960856620317,0.001197091328205,2,2,0,0,0,-1,22.4101505846949,89.4340789035766,22.7817545259052,88.601150441187,12.0997274306194,0.912063217426175
59,36.0838085,140.0766156,22.1323568552201,88.6855553251294,-3.95434463147277,0,0,0.99879948993694,-0.00384272569424,2,2,0,0,0,-1,21.582477420309,89.5453983940888,22.1323568552201,88.6855553251294,11.9144588960474,1.02063582936109
60,36.0838089,140.0766121,21.7233679218984,88.7266202275161,-3.93973904144808,0,0,0.998709620755651,-8.38022904780992E-06,2,2,0,0,0,-1,21.2676017605285,89.5899261909265,21.7233679218984,88.7266202275161,12.0031887135804,0.97622742243282
61,36.083809,140.0766103,21.5129347412671,88.7541793279779,-3.94083625260599,0,0,0.998686064662732,-0.002314952413506,2,2,0,0,0,-1,21.1056657059042,89.6010581393449,21.5129347412671,88.7541793279779,12.0518467413589,0.939718994331693
62,36.0838096,140.0766028,20.9363659726792,88.8009280594687,-3.92041076985974,0,0,0.998828373092669,0.002811681575438,2,2,0,0,0,-1,20.4309321466747,89.6678498338105,20.9363659726792,88.8009280594687,11.9450340745268,1.00350222485929
63,36.08381,140.0765991,20.5551167169767,88.8408850119322,-3.92440525805898,0,0,0.99892479070625,-0.005735261911681,2,2,0,0,0,-1,20.0980635905153,89.7123776306481,20.5551167169767,88.8408850119322,11.9896112819596,0.984071615729497
64,36.0838136,140.076556,16.4880798636392,89.1824730179331,-3.8519744025815,0,0,0.998346066833855,-0.021983878327041,2,2,0,0,0,-1,16.2205947417869,90.1131277974413,16.4880798636392,89.1824730179331,12.1459352985925,0.968331869264745
65,36.0838143,140.0765474,15.79052447037,89.255724362692,-3.83625720280513,0,0,0.998759589980665,0.004144731172474,2,2,0,0,0,-1,15.4469002614234,90.1910514411162,15.79052447037,89.255724362692,12.069634617815,0.996450872149554
66,36.0838189,140.0765044,11.853415574104,89.8282340155711,-3.79324556844728,0,0,0.99877541044135,-0.007982086097704,2,2,0,0,0,-1,11.5784278621629,90.7031210984216,11.853415574104,89.8282340155711,12.1737642235877,0.917085410121292
67,36.0838191,140.0764985,11.2544608862068,89.8902102905668,-3.77397894693577,0,0,0.998853195641735,0.005142969773716,2,2,0,0,0,-1,11.0476374611787,90.7253849968404,11.2544608862068,89.8902102905668,12.2451841947756,0.860402649426191
68,36.0838203,140.07649,10.557707323513,89.9864214452615,-3.78350814172117,0,0,0.998561747475315,-0.022803982467373,2,2,0,0,0,-1,10.2829394302831,90.8589683857715,10.557707323513,89.9864214452615,12.1861447484582,0.914787165707637
69,36.0838216,140.0764672,8.50164474173556,90.1071212689662,-3.75099526119451,0,0,0.998793919773602,0.001807147598264,2,2,0,0,0,-1,8.23174941186162,91.003683723912,8.50164474173556,90.1071212689662,12.1989314981536,0.936305358687081
70,36.0838234,140.0764525,7.12977786788617,90.278981702644,-3.74092857351966,0,0,0.998873521660483,-0.002083587552838,2,2,0,0,0,-1,6.90927163669216,91.2040588073085,7.12977786788617,90.278981702644,12.2711868528885,0.950994557066382
71,36.0838234,140.0764525,7.11440607281306,90.283307781407,-3.73982578881501,0,0,0.998797284782185,0.00145092397485,2,2,0,0,0,-1,6.90927163669216,91.2040588073085,7.11440607281306,90.283307781407,12.2868317895926,0.943325282488122
72,36.0838234,140.0764525,6.99880726318629,90.2947471914528,-3.73477937966456,0,0,0.999058673901878,-0.003513277153429,2,2,0,0,0,-1,6.90927163669216,91.2040588073085,6.99880726318629,90.2947471914528,12.402956463926,0.913709058257524
73,36.0838232,140.076448,6.74094299233393,90.3320172836456,-3.73084555634434,0,0,0.99900947951467,0.007660591229893,2,2,0,0,0,-1,6.50443150268858,91.1817949088897,6.74094299233393,90.3320172836456,12.2574272737183,0.882076922439175
74,36.0838278,140.0764081,2.81593124250276,91.1278721469902,-3.71397844237074,0,0,0.996785154205187,0.066264932576276,2,2,0,0,0,-1,2.91484897045103,91.693864566986,2.81593124250276,91.1278721469902,12.6830584300973,0.574571263112933
75,36.0838284,140.0764037,2.33521885387776,91.2338618405844,-3.70571631117136,0,0,0.998685514432325,-0.008199887700397,2,2,0,0,0,-1,2.51900528335837,91.7606562614516,2.33521885387776,91.2338618405844,12.7799097581424,0.557933520697665
76,36.08383,140.0763919,1.32147744941028,91.2373171910899,-3.68169313323256,0,0,0.998197431821776,0.036616324778684,2,2,0,0,0,-1,1.45742448650399,91.9387674464293,1.32147744941028,91.2373171910899,12.7533889821966,0.714502664522913
77,36.0838305,140.0763864,0.719854919089303,91.2939240309049,-3.6678581036893,0,0,0.998922781587763,-0.00133432856642,2,2,0,0,0,-1,0.962619875720449,91.9944271916854,0.719854919089303,91.2939240309049,12.8707509603349,0.741376761459146
78,36.083832,140.0763826,0.390451428787789,91.3352298733496,-3.6724451658246,0,0,0.999012415733347,0.004221298655042,2,2,0,0,0,-1,0.620754872650207,92.1614064282447,0.390451428787789,91.3352298733496,12.8815644932098,0.85767556576667
79,36.0838331,140.0763569,-2.00170979293651,91.6341404552808,-3.65527881617595,0,0,0.998947426373828,-0.003464842035428,2,2,0,0,0,-1,-1.69133211897244,92.2838578679663,-2.00170979293651,91.6341404552808,12.9996841397012,0.720046537969661
80,36.0838334,140.0763524,-2.38712639515644,91.671106929875,-3.65277522595193,0,0,0.998899535632501,0.002060259038883,2,2,0,0,0,-1,-2.09617225553296,92.3172537148036,-2.38712639515644,91.671106929875,12.9888158554831,0.708632471057904
81,36.0838333,140.076348,-2.82457011678169,91.7365713778668,-3.64912544411721,0,0,0.998840546962075,-0.00128082818198,2,2,0,0,0,-1,-2.49201594262563,92.3061217655942,-2.82457011678169,91.7365713778668,13.0325551472474,0.659530077334676
82,36.0838348,140.0763309,-4.54956986661306,91.8419375358361,-3.62388864621895,0,0,0.998682835213432,0.021323928980723,2,2,0,0,0,-1,-4.03040845644172,92.4731010021535,-4.54956986661306,91.8419375358361,13.2602054525339,0.817248977377666
83,36.0838352,140.0763235,-5.17762760150439,91.8996945486476,-3.60999734527688,0,0,0.998951933928373,-0.005824178794587,2,2,0,0,0,-1,-4.69614556620344,92.5176287982002,-5.17762760150439,91.8996945486476,13.2369967861898,0.783369444826486
84,36.0838357,140.0763197,-5.56556735193645,91.9407001547793,-3.61402820665298,0,0,0.998894323857561,0.002331772472647,2,2,0,0,0,-1,-5.03801056927368,92.5732885442473,-5.56556735193645,91.9407001547793,13.2958449579561,0.82370154147196
85,36.0838377,140.0763046,-6.96589652117183,92.1084747631591,-3.61573093127545,0,0,0.998874462256563,-0.005066215528143,2,2,0,0,0,-1,-6.39647413464374,92.7959275252717,-6.96589652117183,92.1084747631591,13.3912451861321,0.892655115044746
86,36.0838402,140.0762603,-10.9855683641134,92.383984183882,-3.56470112457192,0,0,0.998882194088344,0.002997626090755,2,2,0,0,0,-1,-10.381900351417,93.0742262523433,-10.9855683641134,92.383984183882,13.5402136005194,0.916978289070437
87,36.0838434,140.076217,-14.9259294050851,93.1433765795726,-3.58247466396719,0,0,0.998744159818781,0.026845632060315,2,2,0,0,0,-1,-14.2773620965242,93.4304486230897,-14.9259294050851,93.1433765795726,13.6825924155479,0.709260115827024
88,36.0838436,140.0762098,-15.6170281233699,93.2494029966922,-3.58719902152096,0,0,0.998919075994017,-0.000375475623827,2,2,0,0,0,-1,-14.9251063124641,93.4527125215086,-15.6170281233699,93.2494029966922,13.7353762913438,0.721173041154661
89,36.0838469,140.0761806,-18.630584529489,93.3646289955834,-3.56701374865279,0,0,0.998942655485738,0.001611109272336,2,2,0,0,0,-1,-17.5520689664242,93.8200668406735,-18.630584529489,93.3646289955834,14.2666973538981,1.17073457731177
90,36.0838473,140.0761689,-19.8543842855978,93.5997070166025,-3.57764538038589,0,0,0.998891949996206,-0.002209414438059,2,2,0,0,0,-1,-18.6046533163677,93.8645946367202,-19.8543842855978,93.5997070166025,14.4459399155638,1.27749479323578
91,36.083849,140.0761556,-20.9761539022902,93.6556368780432,-3.56405401023818,0,0,0.999027816566942,0.002068207835922,2,2,0,0,0,-1,-19.8011808271136,94.0538377716983,-20.9761539022902,93.6556368780432,14.451454951571,1.24061504065433
92,36.0838574,140.0761129,-24.9181452697855,94.3466850195848,-3.62169004022984,0,0,0.985536280574996,0.162987954134809,2,2,0,0,0,-1,-23.6426638856414,94.9889214942156,-24.9181452697855,94.3466850195848,14.8482269572536,1.42804777603709
93,36.0838677,140.0760705,-28.469511498942,96.4517019386648,-3.77075419080894,0,0,0.972573044822153,0.229769635472057,2,2,0,0,0,-1,-27.4571576034365,96.135512249339,-28.469511498942,96.4517019386648,14.6965206166568,1.06058301390371
94,36.0838828,140.0760322,-31.8865300452041,98.4157819388951,-3.89003488108052,0,0,0.998966844864638,-0.01701119787708,2,2,0,0,0,-1,-30.9027969748716,97.8164365601866,-31.8865300452041,98.4157819388951,14.9585472828588,1.15193126385438
95,36.0838842,140.0760043,-34.269960039508,98.542359081884,-3.8743559049254,0,0,0.998896656230724,0.001048642840036,2,2,0,0,0,-1,-33.4128058113191,97.9722838475364,-34.269960039508,98.542359081884,14.9510403124109,1.02941689500351
96,36.0838904,140.0759583,-38.2166211337871,99.2131363601639,-3.89737791575566,0,0,0.999052296647195,0.008578473027732,2,2,0,0,0,-1,-37.5511716358057,98.6624646906105,-38.2166211337871,99.2131363601639,15.0259180853787,0.863748992481258
97,36.0838944,140.0759253,-40.8665981861254,99.6311730033079,-3.92272377729236,0,0,0.998792284991692,-0.000560941414257,2,2,0,0,0,-1,-40.5199992928361,99.1077426534504,-40.8665981861254,99.6311730033079,14.9160739378932,0.627781907975494
98,36.0838928,140.0758821,-44.845790678174,98.5753199083016,-3.88178921557231,0,0,0.982359525261158,-0.180801057728469,2,2,0,0,0,-1,-44.4064645884754,98.9296314684726,-44.845790678174,98.5753199083016,15.4630344250444,0.564397107328368
99,36.0838781,140.0758532,-47.2420172152473,96.5720006441853,-3.67129553103548,0,0,0.739529065239559,-0.671229227521148,2,2,0,0,0,-1,-47.0064379017028,97.2932349536718,-47.2420172152473,96.5720006441853,15.3722010328751,0.758733511946434
100,36.0838407,140.0758473,-47.7577519792367,92.5359417479664,-3.39475534866514,0,0,0.681909190928784,-0.72966149138772,2,2,0,0,0,-1,-47.53722830013,93.1298859975994,-47.7577519792367,92.5359417479664,14.8363548148846,0.633561729209454
101,36.083805,140.0758424,-48.2349608786981,88.4531777619281,-3.09260172671809,0,0,0.712790406998502,-0.699745306897728,2,2,0,0,0,-1,-47.9780542243342,89.1557801765051,-48.2349608786981,88.4531777619281,14.4705368719182,0.748098377237803
102,36.0837687,140.0758386,-48.6362380193793,84.4250645078748,-2.78789349952854,0,0,0.727995836026176,-0.6838489403784,2,2,0,0,0,-1,-48.3199192274044,85.1148826609453,-48.6362380193793,84.4250645078748,14.0649539110741,0.758885144446846
103,36.0837339,140.075835,-49.0400045394591,80.419639184926,-2.52266432827752,0,0,0.721294181760493,-0.690669551300172,2,2,0,0,0,-1,-48.6437913366528,81.2409643811538,-49.0400045394591,80.419639184926,13.7713547909481,0.911899106281287
104,36.0837119,140.0758245,-49.6651922590786,76.4306175464343,-2.20969951945183,0,0,0.703265949179887,-0.709189995029233,2,2,0,0,0,-1,-49.5884183185515,78.7919355835572,-49.6651922590786,76.4306175464343,14.1487108032051,2.36256578964186
105,36.0836875,140.075818,-50.0545928757509,72.423655244042,-1.90903810906712,0,0,0.711265445156634,-0.701263502027777,2,2,0,0,0,-1,-50.1731874010011,76.0757400080985,-50.0545928757509,72.423655244042,14.6011534096546,3.65400982282106
106,36.0836558,140.0758085,-50.3510433507548,68.3084957611998,-1.63854845192107,0,0,0.706435710707395,-0.706161520429586,2,2,0,0,0,-1,-51.0278499086767,72.5469121498441,-50.3510433507548,68.3084957611998,14.3850117197323,4.29211376834016
107,36.0836223,140.0757977,-50.864785481762,64.2565767285303,-1.34701914738479,0,0,0.742803634207174,-0.667575384331365,2,2,0,0,0,-1,-51.999466233865,68.8177092089841,-50.864785481762,64.2565767285303,14.1314908943384,4.70015211598983
108,36.083583,140.0757968,-51.0255249349555,60.1867198011311,-1.07069864986876,0,0,0.725440658400769,-0.686480068051055,2,2,0,0,0,-1,-52.0804342586201,64.4428532203057,-51.0255249349555,60.1867198011311,13.6120929391702,4.38491794255822
109,36.0835449,140.0757911,-51.6389576749167,56.2064032977496,-0.76675913747656,0,0,0.722800754181448,-0.689237635848139,2,2,0,0,0,-1,-52.5932317632255,60.2015806213493,-51.6389576749167,56.2064032977496,13.2055232576746,4.10756386226961
110,36.0835032,140.0757879,-52.0453975576488,52.1411488084753,-0.478146546697145,0,0,0.625691292816679,-0.778706693725332,2,2,0,0,0,-1,-52.8811180822733,55.5595578548088,-52.0453975576488,52.1411488084753,12.5030912333884,3.51908357436044
111,36.083461,140.0757839,-52.5881430927224,48.1763175094762,-0.210135544513172,0,0,0.687460104270479,-0.72483481522986,2,2,0,0,0,-1,-53.2409759791654,50.8618753438031,-52.5881430927224,48.1763175094762,11.7164841638675,2.76376765650374
112,36.0834242,140.075779,-53.1837661208991,44.1252837624179,0.071065497176035,0,0,0.783004953559662,-0.620575443791685,2,2,0,0,0,-1,-53.6818019059265,46.7653180821963,-53.1837661208991,44.1252837624179,11.5302968718436,2.68660024059694
113,36.0833811,140.0757765,-53.4303000827021,40.0684887931269,0.305036324754365,0,0,0.62779481789227,-0.777383105901809,2,2,0,0,0,-1,-53.9067130914841,41.9674480290968,-53.4303000827021,40.0684887931269,10.6254376724694,1.95780886064301
114,36.0833447,140.0757774,-53.3670067262223,36.0621266682568,0.485467241120006,0,0,0.69446277775211,-0.718684840691873,2,2,0,0,0,-1,-53.8257450641719,37.9154185643276,-53.3670067262223,36.0621266682568,10.325087964534,1.9092228038515
115,36.0833047,140.0757732,-53.7767285579691,32.0216431960938,0.653055823455617,0,0,0.697815629128491,-0.715493878023421,2,2,0,0,0,-1,-54.2035958574428,33.4626389327653,-53.7767285579691,32.0216431960938,9.76357309049546,1.50289201357432
116,36.0832677,140.0757781,-53.4446874893463,27.9650785499429,0.804692542626182,0,0,0.425420302260341,-0.904501084031361,2,2,0,0,0,-1,-53.7627699332386,29.3438177735305,-53.4446874893463,27.9650785499429,9.47598757222663,1.41495522465245
117,36.083247,140.0758204,-49.7749111996873,26.2170241818503,0.918319974262809,0,0,0.01434910624487,-0.999151348647514,2,2,0,0,0,-1,-49.9572726623544,27.0395043140744,-49.7749111996873,26.2170241818503,8.43759193345436,0.842454313876734
118,36.0832508,140.0758666,-45.8294557840983,26.966998844945,0.958005899980245,0,0,-0.214254029349587,-0.976058808026996,2,2,0,0,0,-1,-45.800913944046,27.4625183792864,-45.8294557840983,26.966998844945,7.77838145910856,0.496340856214232
119,36.0832615,140.0759072,-42.0235547846897,28.2963467824107,1.11150732523213,0,0,-0.022146121233435,-0.999618193488968,2,2,0,0,0,-1,-42.1483562808752,28.6536369304564,-42.0235547846897,28.2963467824107,7.22662499618531,0.378459592744899
120,36.0832568,140.0759507,-37.9585253090469,27.578933599152,1.12756087675363,0,0,0.067581286692424,-0.997559772814341,2,2,0,0,0,-1,-38.2349016419461,28.1304353239416,-37.9585253090469,27.578933599152,6.79994642214738,0.616877645755369
121,36.0832457,140.0759938,-34.1750875521941,26.2170900469658,1.14085343759701,0,0,0.225030467506074,-0.974078951608952,2,2,0,0,0,-1,-34.3574327932177,26.8947889759339,-34.1750875521941,26.2170900469658,6.41492262746141,0.701801699377
122,36.0832245,140.076028,-30.9858997362525,23.7664131669528,1.17907578033742,0,0,0.231088547922732,-0.972733195927299,2,2,0,0,0,-1,-31.2806477681425,24.5348157712217,-30.9858997362525,23.7664131669528,5.89141237720507,0.822993903106336
123,36.0832035,140.0760667,-27.3847710013858,21.9797240751186,1.19680968284177,0,0,0.12551412301365,-0.992087263345312,2,2,0,0,0,-1,-27.7990226065067,22.1971064641373,-27.3847710013858,21.9797240751186,4.79827947526658,0.467824214209469
124,36.083188,140.0761113,-23.6838258278843,20.413947739201,1.16952254252366,0,0,0.276395572230324,-0.96092034501247,2,2,0,0,0,-1,-23.7866070464438,20.471654357243,-23.6838258278843,20.413947739201,4.29034892947704,0.117872951326466
125,36.0831641,140.0761465,-20.6912086255469,17.6587510178573,1.21240560171219,0,0,0.239507538983882,-0.970679824782515,2,2,0,0,0,-1,-20.6198575445886,17.8111185270405,-20.6912086255469,17.6587510178573,3.90958100065639,0.168246350951794
126,36.083159,140.0761911,-16.6950594140299,17.0730692422593,1.16648539596722,0,0,-0.163706221168623,-0.986489497171864,2,2,0,0,0,-1,-16.6074419845256,17.243389123688,-16.6950594140299,17.0730692422593,3.47289267848799,0.191535051525352
127,36.0831545,140.0762356,-12.6926585203899,16.7286915170269,1.09686843962942,0,0,-0.047966664493237,-0.998701738537662,2,2,0,0,0,-1,-12.6040228713736,16.742451415592,-12.6926585203899,16.7286915170269,2.96681172999729,0.089697341571834
128,36.0831624,140.0762797,-8.64030858566713,16.3153421719694,1.03741519830844,0,0,0.027399427413754,-0.999538083760741,2,2,0,0,0,-1,-8.63658954842214,17.6218753928533,-8.64030858566713,16.3153421719694,3.41852667960278,1.30653851397928
129,36.0831468,140.076311,-6.04312569468117,14.3376470085939,1.030752996037,0,0,0.529372296136514,-0.848060039621275,2,2,0,0,0,-1,-5.82070149654809,15.8852913367496,-6.04312569468117,14.3376470085939,3.2972250021174,1.56354580693621
130,36.0831033,140.0763175,-5.33320891918925,10.2949405332948,1.08510557599672,0,0,0.64583811006884,-0.763177424016673,2,2,0,0,0,-1,-5.23593241409848,11.0428934868125,-5.33320891918925,10.2949405332948,2.15010545819642,0.754252172100643
138,36.0830727,140.0763466,-2.16483502957659,8.61406745488971,1.06538894956028,0,0,-0.335095922549269,-0.942154786364242,2,2,0,0,0,-1,-2.61796620704924,7.63651706827975,-2.16483502957659,8.61406745488971,0.928174711493948,1.07746583349962
139,36.0830787,140.0763922,1.8001041150363,9.163102762341,0.970084374727721,0,0,-0.12315009369752,-0.992074536732031,2,2,0,0,0,-1,1.48441382723673,8.30443401372598,1.8001041150363,9.163102762341,1.39984260253805,0.914861944590031
140,36.083073,140.0764382,5.83208627318445,8.80748917742851,0.932214247453268,0,0,0.006239189639889,-0.999377907536809,2,2,0,0,0,-1,5.62277965172329,7.669912915908,5.83208627318445,8.80748917742851,2.13429723842176,1.15667152319164
141,36.0830727,140.0764826,9.88629067053828,8.8062703122395,0.859598104381296,0,0,-0.073340966688467,-0.997167986971575,2,2,0,0,0,-1,9.61720231796441,7.63651706827975,9.88629067053828,8.8062703122395,2.65370364881355,1.20030462518699
142,36.0830755,140.076529,13.9226835894985,9.06904213805933,0.763394219020295,0,0,0.0024055811878,-0.999924418438663,2,2,0,0,0,-1,13.7915539326516,7.94821164297952,13.9226835894985,9.06904213805933,3.19957650364993,1.12847507088355
143,36.0830722,140.0765742,17.9303463208286,8.62144078023326,0.727518168317329,0,0,-0.03133336732438,-0.999448153726677,2,2,0,0,0,-1,17.8579481767369,7.58085732302364,17.9303463208286,8.62144078023326,3.65337801398263,1.04309895153156
144,36.0830768,140.0766195,22.0499040485725,8.95548810380245,0.652587178029232,0,0,-0.076816142139769,-0.996585901359022,2,2,0,0,0,-1,21.9333388702902,8.09292698111999,22.0499040485725,8.95548810380245,4.02894546309988,0.870401706771775
145,36.0830811,140.0766338,23.3745099839739,9.65733874192207,0.628617277519519,0,0,-0.587341078102322,-0.809334234592672,2,2,0,0,0,-1,23.219830855259,8.57160079158808,23.3745099839739,9.65733874192207,4.42901527697939,1.0967007475403
146,36.083114,140.0766539,25.2110414814235,13.2579519724527,0.483602847541455,0,0,-0.493313861509843,-0.869741467799035,2,2,0,0,0,-1,25.0281167917442,12.2340120387736,25.2110414814235,13.2579519724527,4.74722233545623,1.04015115722522
147,36.0831274,140.0766744,27.3537854327504,14.6361015368283,0.387849912957496,0,0,0.015903149283664,-0.99975324657207,2,2,0,0,0,-1,26.8723885184299,13.725693214643,27.3537854327504,14.6361015368283,4.86833850551558,1.0298477082664
148,36.0831236,140.0767144,31.3545239312029,13.9772241596798,0.325878387805565,0,0,0.098063527583303,-0.995054991981003,2,2,0,0,0,-1,30.4709674950214,13.302679150222,31.3545239312029,13.9772241596798,5.02793248095144,1.11161276787473
149,36.0831185,140.0767568,35.4708225239515,13.378698845461,0.265928953460446,0,0,-0.022822801937826,-0.999658673251704,2,2,0,0,0,-1,34.2854612128165,12.7349497468695,35.4708225239515,13.378698845461,5.47800844670921,1.34888633319238
150,36.0831158,140.0767986,39.5202565535353,12.9913917668434,0.133372777231278,0,0,0.039750544635082,-0.99916866223259,2,2,0,0,0,-1,38.0459762440323,12.4343871221701,39.5202565535353,12.9913917668434,5.9010129073038,1.57599384680775
151,36.0831113,140.0768471,43.5980809348662,12.504639049206,0.017369590007531,0,0,-0.008154284435545,-0.999753383528081,2,2,0,0,0,-1,42.4092532540764,11.9334494132832,43.5980809348662,12.504639049206,6.50846604289468,1.31892716053522
152,36.0831059,140.0768936,47.6579009629062,12.0031282480513,-0.015021539392932,0,0,-0.006673560913658,-0.999938347965051,2,2,0,0,0,-1,46.5926013182314,11.3323241630935,47.6579009629062,12.0031282480513,7.17687396742153,1.2589048627042
153,36.0831048,140.0769423,51.6554646851534,11.7416460554494,-0.144953694588655,0,0,-0.342049324446899,-0.939667566124668,2,2,0,0,0,-1,50.9738712220973,11.2098727233718,51.6554646851534,11.7416460554494,7.64738379462156,0.864495532428987
154,36.0831396,140.0769565,52.9803257347508,15.6189175668283,-0.321277911287566,0,0,-0.689985772067167,-0.72332158175592,2,2,0,0,0,-1,52.2513667601553,15.0837910023723,52.9803257347508,15.6189175668283,7.89927094311058,0.904290675960926
155,36.083176,140.0769715,54.5231840820964,19.4385692456929,-0.581666578485764,0,0,-0.43887049301172,-0.898175810230564,2,2,0,0,0,-1,53.6008338760575,19.1358204679325,54.5231840820964,19.4385692456929,7.93592046325859,0.970766050609231
156,36.0831769,140.0770146,58.5512397074999,19.1900285584393,-0.823438378833583,0,0,0.011360135207802,-0.99919385348977,2,2,0,0,0,-1,57.4783027247859,19.2360080092353,58.5512397074999,19.1900285584393,8.09477844487103,1.07392172841924
157,36.0831739,140.0770597,62.5284332861262,18.6557429561204,-1.03661489374074,0,0,-0.008855584946366,-0.999358329076792,2,2,0,0,0,-1,61.5357005245173,18.9020495369077,62.5284332861262,18.6557429561204,8.44526687797436,1.02283198410624
158,36.0831725,140.0771013,66.5354233372147,18.3059653542822,-1.27568347161113,0,0,0.00010066747094,-0.99915651646255,2,2,0,0,0,-1,65.2782226593542,18.7462022495578,66.5354233372147,18.3059653542822,8.72999564511721,1.33205182645976
159,36.0831713,140.0771469,70.6273358209239,17.9784008291623,-1.56474948598621,0,0,0.10429594711969,-0.993740255306558,2,2,0,0,0,-1,69.3806026961972,18.6126188606268,70.6273358209239,17.9784008291623,9.09352166730264,1.39877660679807
160,36.0831691,140.0771918,74.6951529627125,17.6279477066159,-1.77583257469344,0,0,-0.011209057566099,-0.999214341531688,2,2,0,0,0,-1,73.4200075969928,18.3677159811835,74.6951529627125,17.6279477066159,9.53295274648101,1.47419564636895
161,36.0831684,140.0772351,78.7620282071093,17.3303926449976,-2.01718558100232,0,0,0.045169241052732,-0.99857443252575,2,2,0,0,0,-1,77.3154693421,18.2897923375086,78.7620282071093,17.3303926449976,9.83719442133723,1.73579385870761
162,36.0831637,140.0772798,82.7514703961812,16.6390486669699,-2.25344167329874,0,0,0.003743788512083,-0.999028882015013,2,2,0,0,0,-1,81.3368813490739,17.7665907309938,82.7514703961812,16.6390486669699,10.2139022420296,1.80898128192056
163,36.0831637,140.0772853,83.1338973424397,16.5703452609284,-2.27915250942848,0,0,-0.003189218777508,-0.999088645824946,2,2,1,0,0,-1,81.8316859598574,17.7665907309938,83.1338973424397,16.5703452609284,10.2164026106649,1.76826403842264
164,36.0831648,140.0773238,86.8069887110217,16.5036578008176,-2.44842621201622,0,0,-0.108635352423831,-0.993483231093288,2,2,0,0,0,-1,85.2953182251144,17.8890421707154,86.8069887110217,16.5036578008176,10.4985469512822,2.05047250903795
165,36.0831779,140.0773665,90.7042037782056,17.7539932436214,-2.70384727796398,0,0,-0.228089399232713,-0.973132536454107,2,2,0,0,0,-1,89.1368012836423,19.3473274997476,90.7042037782056,17.7539932436214,10.8338406090326,2.23505360824039
166,36.0831945,140.0774079,94.3128513694195,19.5345756431067,-2.90078149592941,0,0,-0.161594996901597,-0.985880811301975,2,2,0,0,0,-1,92.8613305272143,21.1952310471544,94.3128513694195,19.5345756431067,11.3075967453646,2.20560402755089
167,36.0832039,140.0774511,98.1459961198271,20.7858625745929,-3.21140774115196,0,0,-0.318823691558125,-0.947040129468579,2,2,0,0,0,-1,96.7477958228537,22.241634260975,98.1459961198271,20.7858625745929,12.0639587233372,2.01847350077433
168,36.0832185,140.0774937,101.932370732517,22.2249778742549,-3.54128023173273,0,0,-0.010495415048722,-0.99913165539068,2,2,0,0,0,-1,100.580282434471,23.8668988265664,101.932370732517,22.2249778742549,12.4349223481625,2.12698076609851
169,36.0832157,140.07754,106.007166066547,21.9527225811402,-3.74994781672801,0,0,0.038351646485511,-0.998420738948448,2,2,0,0,0,-1,104.745637602247,23.5552042518666,106.007166066547,21.9527225811402,13.0422774535619,2.03946109824446
170,36.0832213,140.0775851,109.90869181747,22.8846973310808,-4.02667419591514,0,0,-0.149954809740839,-0.98788772518014,2,2,0,0,0,-1,108.803035399421,24.1785934004752,109.90869181747,22.8846973310808,13.927443343969,1.70195274704321
171,36.0832157,140.0776281,113.914765819288,22.3940051947685,-4.18829922386898,0,0,-0.089551781570791,-0.995114991959844,2,2,0,0,0,-1,112.671507801239,23.5552042518666,113.914765819288,22.3940051947685,14.5644208079571,1.70119773972605
172,36.0832171,140.0776754,118.014761623129,22.5020338183155,-4.40085562658076,0,0,-0.085272954513727,-0.99568602580834,2,2,0,0,0,-1,116.926827443238,23.7110515392165,118.014761623129,22.5020338183155,15.1103737180041,1.62644539694035
173,36.083218,140.0776964,119.650453556666,22.6451311081495,-4.46624749267358,0,0,-0.056902517021177,-0.997530850084029,2,2,1,0,0,-1,118.816081407035,23.8112390805193,119.650453556666,22.6451311081495,15.4321166363252,1.43387052668804
174,36.0832179,140.0777229,122.081960697845,22.5065402006637,-4.5678559904081,0,0,0.109263178788002,-0.992953236745226,2,2,0,0,0,-1,121.200139979059,23.8001071321009,122.081960697845,22.5065402006637,15.6254070364274,1.56554245748496
175,36.0832158,140.0777674,126.135549362081,22.3853455371169,-4.67963255842318,0,0,-0.033489785903073,-0.998613661394378,2,2,0,0,0,-1,125.203559092211,23.5663362010761,126.135549362081,22.3853455371169,16.2748632021903,1.50444169428092
176,36.0832049,140.0778109,129.984952660574,21.0914508787489,-4.6917388799347,0,0,0.081653607889137,-0.99562063326692,2,2,0,0,0,-1,129.11701373114,22.3529537514872,129.984952660574,21.0914508787489,16.7105035574695,1.53124376999687
177,36.0832025,140.0778572,134.010596337952,20.8950805332214,-4.82385450550662,0,0,0.050241918150144,-0.997282242224573,2,2,0,0,0,-1,133.28236889636,22.0857869736251,134.010596337952,20.8950805332214,17.3534364105119,1.3957424668995
178,36.083201,140.0779024,138.017973618795,20.7034920697752,-4.92589759674607,0,0,-0.037059212362474,-0.998563719456943,2,2,0,0,0,-1,137.348763143002,21.9188077370658,138.017973618795,20.7034920697752,17.8846063884503,1.38738416888511
179,36.0832036,140.0779474,142.069812873905,21.13093808545,-5.07131518686911,0,0,-0.115526782471713,-0.992530543865652,2,2,0,0,0,-1,141.397164493265,22.2082384133467,142.069812873905,21.13093808545,18.580079870282,1.2700519046339
180,36.0832048,140.0779949,146.11800474777,21.196520862281,-5.2315451276613,0,0,-0.008230765663035,-0.999145883627861,2,2,0,0,0,-1,145.670477029086,22.3418218022778,146.11800474777,21.196520862281,19.1115074679071,1.22963218164942
181,36.0832035,140.0780391,150.182720726728,20.9403439490893,-5.34177320876774,0,0,-0.025531971175527,-0.998681328033686,2,2,0,0,0,-1,149.646906798949,22.1971064641373,150.182720726728,20.9403439490893,19.5351474663852,1.36621688777132
182,36.0832018,140.0780836,154.187304878527,20.7338025914252,-5.44200929360078,0,0,-0.021476807172622,-0.998921261989899,2,2,0,0,0,-1,153.650325912101,22.0078633299501,154.187304878527,20.7338025914252,20.0615858165969,1.382597980555
183,36.0831979,140.0781301,158.226566701406,20.2924481724054,-5.53715701521752,0,0,-0.046643413235143,-0.998362908306976,2,2,0,0,0,-1,157.833673973699,21.5737173163197,158.226566701406,20.2924481724054,20.6263250929977,1.34015495918651
184,36.083194,140.078174,162.264077890317,19.8884788736327,-5.62971179763316,0,0,-0.059456459256152,-0.997593194931962,2,2,0,0,0,-1,161.783114402829,21.1395713018983,162.264077890317,19.8884788736327,21.1854340952267,1.3403574673795
185,36.0831886,140.0782163,166.216459047372,19.2198536143497,-5.71772027385967,0,0,-0.024657620613474,-0.998974678171471,2,2,0,0,0,-1,165.588611671156,20.5384460517086,166.216459047372,19.2198536143497,21.625171006614,1.46043772331483
186,36.0831817,140.0782614,170.162734235474,18.3965616683915,-5.77522374678881,0,0,-0.014864704513396,-0.999175507816282,2,2,0,0,0,-1,169.646009470887,19.7703415649595,170.162734235474,18.3965616683915,22.1188037365089,1.46774510271785
187,36.0831818,140.0783059,174.169209566306,18.3539884467697,-5.92793709308195,0,0,-0.075678939033999,-0.996327132247095,2,2,0,0,0,-1,173.649428584039,19.781473514169,174.169209566306,18.3539884467697,22.6138208268844,1.51917276409727
188,36.0831794,140.0783515,178.230756362047,18.0840805080333,-6.02446377742531,0,0,-0.084840109739684,-0.995244758996255,2,2,0,0,0,-1,177.751808618325,19.5143067363069,178.230756362047,18.0840805080333,23.1709628942053,1.50828976170307
189,36.0831865,140.078397,182.317893856711,18.7614861182663,-6.19868322275322,0,0,-0.142185914265306,-0.989041261891434,2,2,0,0,0,-1,181.8451922057,20.3046751206837,182.317893856711,18.7614861182663,23.6293033417899,1.61396380010554
190,36.0831894,140.0784447,186.508345536228,18.9804643904139,-6.35178334251579,0,0,0.000874442280353,-0.999121844095274,2,2,0,0,0,-1,186.1364976379,20.627501643802,186.508345536228,18.9804643904139,24.1204808640803,1.68849121215917
191,36.0831848,140.0784914,190.523209573174,18.3992901293776,-6.40988647335362,0,0,0.065691468369271,-0.996402889270061,2,2,0,0,0,-1,190.33783859332,20.1154319864966,190.523209573174,18.3992901293776,24.6255664864883,1.72612435065602
192,36.0831819,140.0785357,194.597119926945,17.9697520239184,-6.51264188424362,0,0,-0.024332761127956,-0.998808119177718,2,2,0,0,0,-1,194.32326481265,19.7926054633784,194.597119926945,17.9697520239184,25.0582141399616,1.84330987231584
193,36.0831798,140.0785592,196.748631111296,17.8786838669022,-6.55760756724596,0,0,-0.080235953186184,-0.996075674118876,2,2,1,0,0,-1,196.437429962005,19.5588345323535,196.748631111296,17.8786838669022,25.486955890128,1.70872830313559
194,36.0831772,140.0785781,198.582418042206,17.4715508680623,-6.59289813409351,0,0,0.189001987609816,-0.980943439938758,2,2,0,0,0,-1,198.137758527888,19.2694038568636,198.582418042206,17.4715508680623,25.5968948049303,1.8520252301239
195,36.0831755,140.0786223,202.640918112489,17.3979951988957,-6.67149604774536,0,0,-0.031756600958487,-0.998625592367998,2,2,0,0,0,-1,202.114188300308,19.0801607218855,202.640918112489,17.3979951988957,26.2554223066059,1.76270392913147
196,36.083176,140.0786691,206.660018588778,17.5351775459599,-6.84016275226451,0,0,-0.092419893362788,-0.995027846474071,2,2,0,0,0,-1,206.324525702638,19.1358204679325,206.660018588778,17.5351775459599,26.9171846121023,1.63542448321874
197,36.0831704,140.0787112,210.615132973095,16.8854724586455,-6.92322732442147,0,0,-0.001064902838457,-0.999238397480382,2,2,0,0,0,-1,210.112030077144,18.512431319324,210.615132973095,16.8854724586455,27.4030236344295,1.70297024585139
198,36.0831669,140.0787582,214.637045055197,16.5070162095696,-7.00613210645352,0,0,-0.032892663828417,-0.998408909301678,2,2,0,0,0,-1,214.340360375853,18.1228131009493,214.637045055197,16.5070162095696,27.9915899089848,1.64280899472512
199,36.0831632,140.078802,218.641927531334,16.133406281951,-7.10168232541378,0,0,0.083007787257674,-0.995366925704491,2,2,0,0,0,-1,218.280804358072,17.7109309857377,218.641927531334,16.133406281951,28.5666334381676,1.6183306637779
200,36.0831603,140.0788464,222.645752634426,15.8013341023462,-7.18883420114194,0,0,-0.121633837548025,-0.991975296801373,2,2,0,0,0,-1,222.275227024313,17.3881044618285,222.645752634426,15.8013341023462,29.1030151716625,1.62945678110258
201,36.083163,140.0788911,226.736347434826,16.0847840783367,-7.34303193085833,0,0,-0.049580834025938,-0.997666914422893,2,2,0,0,0,-1,226.296639031287,17.6886670873188,226.736347434826,16.0847840783367,29.6412763277399,1.66306469707106
202,36.0831614,140.0789372,230.76365990573,15.9642673761597,-7.46931443305828,0,0,0.176277726417212,-0.983265910534389,2,2,0,0,0,-1,230.444001302685,17.5105559023411,230.76365990573,15.9642673761597,30.266494211163,1.57898379621235
203,36.0831545,140.0789797,234.776010189158,15.1825945152272,-7.53518733270221,0,0,0.07556748354643,-0.996300690135138,2,2,0,0,0,-1,234.267491467391,16.742451415592,234.776010189158,15.1825945152272,30.7735546397203,1.64065378431992
204,36.0831511,140.0790247,238.803177234054,14.8139210303889,-7.61611224944928,0,0,0.028418327100132,-0.998715185258091,2,2,0,0,0,-1,238.315892817654,16.3639651464267,238.803177234054,14.8139210303889,31.3367139190731,1.62483318040026
205,36.0831459,140.0790674,242.820598466855,14.2089509149491,-7.68983515062005,0,0,0.152095267761021,-0.987474571327713,2,2,0,0,0,-1,242.157375876182,15.7851037946558,242.820598466855,14.2089509149491,31.8385096490614,1.71000646343407
206,36.0831438,140.0791142,246.877345731069,14.0960088387967,-7.79100504280869,0,0,-0.087250600167215,-0.995359098061336,2,2,0,0,0,-1,246.36771328107,15.551332863631,246.877345731069,14.0960088387967,32.5332380838721,1.54197705928211
207,36.0831396,140.0791562,250.861594328842,13.5843888673915,-7.88125383278329,0,0,0.062602409340825,-0.997155530869002,2,2,0,0,0,-1,250.146221208664,15.0837910023723,250.861594328842,13.5843888673915,33.0114964030993,1.66131437827354
208,36.0831347,140.0792014,254.929035746876,13.1028689474167,-7.93986305677568,0,0,0.039710421409303,-0.998079686965196,2,2,0,0,0,-1,254.21261545275,14.5383254974387,254.929035746876,13.1028689474167,33.6320697515311,1.60430469201995
209,36.0831302,140.0792468,259.016033976407,12.7164837685844,-8.05056528753358,0,0,0.01473848535203,-0.998862222810688,2,2,0,0,0,-1,258.297002593214,14.0373877893428,259.016033976407,12.7164837685844,34.3062104629278,1.50392604940298
210,36.0831286,140.0792898,263.012207297748,12.5018127189757,-8.15632218122084,0,0,0.039680219534988,-0.998123636998376,2,2,0,0,0,-1,262.165474995031,13.859276603574,263.012207297748,12.5018127189757,34.8061324875925,1.59989493106666
211,36.0831275,140.0793349,267.037817341189,12.4613653080528,-8.25522059133314,0,0,-0.072332307568557,-0.996459532195694,2,2,0,0,0,-1,266.222872792206,13.7368251638524,267.037817341189,12.4613653080528,35.4446018991473,1.51358265769455
212,36.0831262,140.0793814,271.108271615377,12.3335216291886,-8.38084161769432,0,0,-0.014946386121195,-0.998974930785902,2,2,0,0,0,-1,270.406220853804,13.5921098257119,271.108271615377,12.3335216291886,36.0320025185149,1.44115215027867
213,36.0831236,140.079425,275.119412473401,12.139407899516,-8.48688269591113,0,0,-0.013073947793069,-0.998752926793561,2,2,0,0,0,-1,274.328671939644,13.302679150222,275.119412473401,12.139407899516,36.6694634431192,1.40658117236303
214,36.0831147,140.0794661,279.073006163303,11.1179500910463,-8.50481298891121,0,0,0.161044543532566,-0.985781069696054,2,2,0,0,0,-1,278.026211839926,12.3119356816575,279.073006163303,11.1179500910463,37.1571520050803,1.58788536930156
215,36.083097,140.079506,282.663058615505,9.29061555194332,-8.43757331681947,0,0,0.35828924901576,-0.931980841606566,2,2,0,0,0,-1,281.615794369607,10.341580694529,282.663058615505,9.29061555194332,37.7908885404837,1.48367453697462
216,36.0830741,140.0795404,285.889525419322,6.80897279650253,-8.37172711465298,0,0,0.500959914620928,-0.864198339922334,2,2,0,0,0,-1,284.710572291061,7.79236435562964,285.889525419322,6.80897279650253,38.2925197437401,1.53524898215235
217,36.0830423,140.0795633,288.043536132813,3.35838111911942,-8.19963195159623,0,0,0.690540515643393,-0.721867402175801,2,2,0,0,0,-1,286.770758756393,4.25240454816579,288.043536132813,3.35838111911942,38.6785409388045,1.55539067169949
218,36.0830054,140.0795665,288.354287187079,-0.719084742178707,-7.91361548570671,0,0,0.649313875747523,-0.758385695005688,2,2,0,0,0,-1,287.058645075441,0.144715338140468,288.354287187079,-0.719084742178707,38.7655964949358,1.55718947472988
219,36.0829668,140.0795682,288.484148879576,-4.79651018540889,-7.60961754503443,0,0,0.698974500034599,-0.713092256270313,2,2,0,0,0,-1,287.211584680597,-4.15221700607202,288.484148879576,-4.79651018540889,39.0267253883835,1.42637068865819
220,36.0829298,140.0795614,288.173116340733,-8.8895482530559,-7.32196362802949,0,0,0.696942480699169,-0.715444068266843,2,2,0,0,0,-1,286.599826254858,-8.27103816609773,288.173116340733,-8.8895482530559,39.0403851063808,1.69050182548928
221,36.082894,140.0795573,287.611354925209,-12.893785286589,-7.07390732092371,0,0,0.729106992026809,-0.682784293942643,2,2,0,0,0,-1,286.230971911055,-12.2562759364014,287.611354925209,-12.893785286589,38.9844543813094,1.5204852637704
222,36.0828602,140.0795538,287.389974533973,-16.8922168375388,-6.7350774273278,0,0,0.695873062956327,-0.716543315730011,2,2,0,0,0,-1,285.916096248717,-16.0188747248897,287.389974533973,-16.8922168375388,38.7685646475401,1.71319690796967
223,36.0828227,140.0795545,287.448478585428,-20.9797869042573,-6.45925489656309,0,0,0.689718441600861,-0.722448765922621,2,2,0,0,0,-1,285.979071382208,-20.1933556293806,287.448478585428,-20.9797869042573,38.9214725545738,1.66662283645073
224,36.0827863,140.0795467,286.756216544215,-24.9716772745686,-6.1431251914648,0,0,0.656069644393021,-0.753238031696294,2,2,0,0,0,-1,285.277348479688,-24.2453850949407,286.756216544215,-24.9716772745686,38.9520275523477,1.64758947631586
225,36.0827502,140.0795423,286.326292289255,-29.0571541641743,-5.8305467620441,0,0,0.653828581186601,-0.755051039947174,2,2,0,0,0,-1,284.881504792596,-28.2640187120817,286.326292289255,-29.0571541641743,38.898545238078,1.64817315712558
226,36.0827136,140.079535,285.799761249392,-33.0532760285929,-5.54232819407202,0,0,0.642649485461359,-0.764475802373484,2,2,0,0,0,-1,284.224764129745,-32.3383120752698,285.799761249392,-33.0532760285929,38.9959485362218,1.72967898219551
227,36.0826774,140.0795317,285.675567225717,-37.0675713308107,-5.2524197862711,0,0,0.705627455398072,-0.706874621816788,2,2,0,0,0,-1,283.927881363786,-36.3680776416201,285.675567225717,-37.0675713308107,39.102214693809,1.88247106039092
228,36.082641,140.0795285,285.365232947448,-41.1037853825719,-4.97538795077347,0,0,0.693751168769899,-0.718529233348784,2,2,0,0,0,-1,283.639995044738,-40.4201071071803,285.365232947448,-41.1037853825719,39.1736873846422,1.85576447998956
229,36.082606,140.0795247,285.208463482576,-45.2036464423004,-4.67107553397661,0,0,0.653000787535531,-0.755840451481171,2,2,0,0,0,-1,283.298130044225,-44.3162892845997,285.208463482576,-45.2036464423004,39.0854589312933,2.10636572584283
230,36.0825695,140.0795178,284.732612191372,-49.2484173509203,-4.37841171788279,0,0,0.650480985398354,-0.757921733625558,2,2,0,0,0,-1,282.677375169018,-48.3794506985783,284.732612191372,-49.2484173509203,39.1808191458036,2.23139020813009
231,36.0825326,140.079517,284.554114544733,-53.2817199658455,-4.10832512160612,0,0,0.780999296130924,-0.622794570966493,2,2,0,0,0,-1,282.605403588617,-52.4871399086036,284.554114544733,-53.2817199658455,39.3403236128368,2.10447899914757
232,36.0824982,140.0795123,284.071600918241,-57.2627731999046,-3.83082933587926,0,0,0.645947112614033,-0.761704079321702,2,2,0,0,0,-1,282.182570560791,-56.3165303923484,284.071600918241,-57.2627731999046,39.2481214843133,2.11277332958833
233,36.0824624,140.0795108,284.016604045386,-61.2943356989687,-3.5280619841148,0,0,0.622489802694247,-0.781354857550475,2,2,0,0,0,-1,282.0476238469,-60.3017681626521,284.016604045386,-61.2943356989687,39.3517761091183,2.20501096055754
234,36.0824276,140.0795106,283.913906513216,-65.4342612271153,-3.24472698972273,0,0,0.743822642071833,-0.666542812306358,2,2,0,0,0,-1,282.029630953078,-64.1756864424436,283.913906513216,-65.4342612271153,39.2138291072099,2.26594458783633
235,36.0823932,140.0795045,283.390914520647,-69.6019230892989,-2.95898771686907,0,0,0.735522270989181,-0.675687006564586,2,2,0,0,0,-1,281.480847658272,-68.0050769253974,283.390914520647,-69.6019230892989,38.9828946485029,2.48963312355626
236,36.0823569,140.0795032,283.28779734946,-73.6118457355408,-2.69507821978281,0,0,0.470062888558646,-0.881494646740662,2,2,0,0,0,-1,281.363893843316,-72.0459744409572,283.28779734946,-73.6118457355408,39.1674093303455,2.48059622110347
237,36.0823223,140.0795013,283.045956363011,-77.6668256912266,-2.41316479054161,0,0,0.748150024269847,-0.661460823667838,2,2,0,0,0,-1,281.192961341781,-75.8976288223298,283.045956363011,-77.6668256912266,39.0950363969884,2.56196176974153
238,36.0822928,140.0794763,280.657700012883,-80.914833846758,-2.10393741536682,0,0,0.757102435260263,-0.651611624912593,2,2,0,0,0,-1,278.943849478535,-79.181553801141,280.657700012883,-80.914833846758,38.926973699585,2.43752812714444
239,36.0822858,140.0794757,280.597439325475,-81.7674673369045,-2.04223804949194,0,0,0.671889434251506,-0.739208968906801,2,2,1,0,0,-1,278.889870794513,-79.9607902363084,280.597439325475,-81.7674673369045,38.8852299961404,2.48593492146313
240,36.0822638,140.0794739,280.388665039355,-85.021513287645,-1.82587204354877,0,0,0.727574634961406,-0.68453403391402,2,2,0,0,0,-1,278.727934739888,-82.409819033905,280.388665039355,-85.021513287645,38.2218949053276,3.0949914382087
241,36.0822406,140.0794691,280.308142321992,-88.5137718336837,-1.60073480546425,0,0,0.683182051534082,-0.728760991955736,2,2,1,0,0,-1,278.296105262595,-84.9924312204327,280.308142321992,-88.5137718336837,37.6165806211712,4.05562977143126
242,36.0822307,140.0794576,280.3397117039,-89.0526178714072,-1.52690613922015,0,0,0.660517041271504,-0.748368213161226,2,2,0,0,0,-1,277.261513806474,-86.0944941795093,280.3397117039,-89.0526178714072,38.52134257821,4.26916831154334
243,36.0821808,140.0794544,280.205624272461,-93.1194861418287,-1.2326237147066,0,0,0.510708137013202,-0.858441019548419,2,2,0,0,0,-1,276.973627489983,-91.6493367701484,280.205624272461,-93.1194861418287,40.1805334388926,3.55065379571182
244,36.0821445,140.0794532,279.928782392146,-97.1344807778361,-0.931893873208506,0,0,0.765905857943001,-0.641420668550622,2,2,0,0,0,-1,276.865670119381,-95.6902342857082,279.928782392146,-97.1344807778361,40.334640693653,3.38651808286724
245,36.0821053,140.0794482,279.219479730396,-101.086075414368,-0.594966383917425,0,0,0.748005254279096,-0.661207065295428,2,2,0,0,0,-1,276.415847748266,-100.053958325177,279.219479730396,-101.086075414368,40.7648235126187,2.98757727548924
246,36.0820655,140.0794446,278.911500376064,-105.229300923774,-0.29766705136052,0,0,0.701874508961953,-0.710600895084612,2,2,0,0,0,-1,276.091975639017,-104.484474058321,278.911500376064,-105.229300923774,41.236630390971,2.91624532615456
247,36.0820359,140.0794427,278.643154772285,-108.152055427678,-0.078982578260965,0,0,0.689586727679181,-0.722611430827142,2,2,1,0,0,-1,275.921043137482,-107.77953098555,278.643154772285,-108.152055427678,41.6851844942422,2.74748361456696
248,36.0820352,140.0794429,275.939036033861,-107.857454629225,-0.074864595124035,0,0,0.240235492424509,-0.969797668252668,2,2,0,0,0,-1,275.939036033861,-107.857454629225,278.655857606705,-108.10845770278,41.7958343661368,2.72839183432382
249,36.0820291,140.0794825,279.501629220252,-108.53650352309,-0.134065408038694,0,0,-0.020035902737136,-0.998806670493522,2,2,1,0,0,1,279.501629220252,-108.53650352309,282.430923933407,-108.741146602981,42.4231301366361,2.93643428441084
250,36.0820284,140.079486,279.816504882589,-108.614427166765,-0.127300903292119,0,0,-0.01579484695971,-0.998887758393785,2,2,0,0,0,-1,279.816504882589,-108.614427166765,282.661924368941,-108.741702034832,42.4943822733406,2.84826454974808
251,36.0820194,140.0795298,283.756948862251,-109.616302583748,-0.089847309097113,0,0,-0.08457199842392,-0.995844361572243,2,2,0,0,0,-1,283.756948862251,-109.616302583748,286.598827179924,-109.494303583736,43.2622135572652,2.84449575996639
252,36.0820134,140.0795752,287.841336002715,-110.284219528403,-0.082387171320912,0,0,0.00875952446206,-0.99918133577279,2,2,0,0,0,-1,287.841336002715,-110.284219528403,290.673768892042,-110.25790167718,43.7235427117839,2.83255515424359
253,36.0820117,140.0796222,292.069666301425,-110.473462663381,-0.203620804335898,0,0,-0.064315411700621,-0.997197429883565,2,2,0,0,0,-1,292.069666301425,-110.473462663381,294.770622840082,-110.211236665936,44.4124182016687,2.7136559651977
254,36.0820052,140.0796674,296.136060548067,-111.197039353293,-0.222243908413066,0,0,0.045546676335759,-0.997728143285908,2,2,0,0,0,-1,296.136060548067,-111.197039353293,298.768034563645,-110.7933776213,45.0588347584165,2.66274858230234
255,36.0819952,140.0797121,300.157472555041,-112.310234260788,-0.184354857340699,0,0,0.144270071184513,-0.988293931496172,2,2,0,0,0,-1,300.157472555041,-112.310234260788,302.632741128559,-111.87940604366,45.5804093332268,2.51248233102672
256,36.0819812,140.0797537,303.899994692435,-113.868707131914,-0.104119007794606,0,0,0.094024892883798,-0.994810948249103,2,2,0,0,0,-1,303.899994692435,-113.868707131914,306.368683094725,-113.427091578725,46.1450637391767,2.50787693566103
